AREANAME,DETAIL,Date,FMEL_UPD_D,INC_CRC,JOIN_COUNT,Latitude,Longitude,NAME
No. of Dengue Cases : 1,No. of Dengue Cases : 1,03/19/2018,20180319105315,63AF1F4A647A228B,1,1.3074633687719048,103.8518168360785,kml_1
No. of Dengue Cases : 1,No. of Dengue Cases : 1,03/19/2018,20180316095309,1DC732ED25E40FEB,1,1.37076848454533,103.880571568029,kml_2
No. of Dengue Cases : 2,No. of Dengue Cases : 2,03/19/2018,20180314095740,F97EE91E45D5CC16,2,1.3128895364230702,103.8122806939205,kml_3
No. of Dengue Cases : 1,No. of Dengue Cases : 1,03/19/2018,20180313121310,70E08AD84845598D,1,1.3110805613163952,103.79251263519751,kml_4
No. of Dengue Cases : 1,No. of Dengue Cases : 1,03/19/2018,20180313121310,9692AC7B8DDCB648,1,1.36534276722668,103.8320487571645,kml_5
No. of Dengue Cases : 1,No. of Dengue Cases : 1,03/19/2018,20180312102912,22C19766EBB8A8A7,1,1.35810784553048,103.83923728977001,kml_6
No. of Dengue Cases : 6,No. of Dengue Cases : 6,03/19/2018,20180319105341,7F348F76B93DD662,6,1.332784411485665,103.91112174481151,kml_1
No. of Dengue Cases : 1,No. of Dengue Cases : 1,03/19/2018,20180319105341,2A7651D54A9A2814,1,1.33278397934255,103.9237015256395,kml_2
No. of Dengue Cases : 3,No. of Dengue Cases : 3,03/19/2018,20180316095341,FF3F240B6AC15DE3,3,1.332784353709555,103.9129188566035,kml_3
No. of Dengue Cases : 2,No. of Dengue Cases : 2,03/19/2018,20180316095341,06220E47E336ED56,2,1.3490615340328649,103.947064714954,kml_4
No. of Dengue Cases : 1,No. of Dengue Cases : 1,03/19/2018,20180315122442,784510796A600146,1,1.3508710388539251,103.929093562328,kml_5
No. of Dengue Cases : 1,No. of Dengue Cases : 1,03/19/2018,20180309130114,2589CDD8284ECF6E,1,1.3490614488376251,103.94886183670249,kml_6
No. of Dengue Cases : 1,No. of Dengue Cases : 1,03/19/2018,20180308124111,36A7D60E0BEE4316,1,1.33097579546466,103.90752746690549,kml_7
No. of Dengue Cases : 1,No. of Dengue Cases : 1,03/19/2018,20180316095410,0C2F43A6A0092494,1,1.43045667685021,103.79610498651749,kml_1
No. of Dengue Cases : 1,No. of Dengue Cases : 1,03/19/2018,20180315122511,869E79BDF4A1DAC2,1,1.4304569754888798,103.828454347979,kml_2
No. of Dengue Cases : 1,No. of Dengue Cases : 1,03/19/2018,20180315122511,A28D973523AEB778,1,1.441309146664375,103.80329359117201,kml_3
No. of Dengue Cases : 1,No. of Dengue Cases : 1,03/19/2018,20180315122511,C7FBA39D9DDA1EA2,1,1.448544030595175,103.8014962953385,kml_4
No. of Dengue Cases : 1,No. of Dengue Cases : 1,03/19/2018,20180314100042,E110C4A2A890FAA3,1,1.40151588496979,103.7511763587835,kml_5
No. of Dengue Cases : 1,No. of Dengue Cases : 1,03/19/2018,20180313121411,3FEFEF8620A4D66D,1,1.370768946052795,103.83923732064,kml_6
No. of Dengue Cases : 1,No. of Dengue Cases : 1,03/19/2018,20180309130143,D158598ECB560C9B,1,1.39789816832633,103.7439878453855,kml_7
No. of Dengue Cases : 1,No. of Dengue Cases : 1,03/19/2018,20180308124140,36B4957987B0D17A,1,1.4214133048298851,103.846426166403,kml_8
No. of Dengue Cases : 1,No. of Dengue Cases : 1,03/19/2018,20180308124140,8847A1C289EA15D3,1,1.38342922730888,103.7709456290525,kml_9
No. of Dengue Cases : 1,No. of Dengue Cases : 1,03/19/2018,20180308124140,66A636970A06BB98,1,1.44854417330007,103.8140767014425,kml_10
No. of Dengue Cases : 1,No. of Dengue Cases : 1,03/19/2018,20180308124140,3870BE34BFF35655,1,1.36534190545125,103.76914896212949,kml_11
No. of Dengue Cases : 1,No. of Dengue Cases : 1,03/19/2018,20180316095710,D5173B97DFE8EA2C,1,1.33097468019389,103.93807833624149,kml_1
No. of Dengue Cases : 2,No. of Dengue Cases : 2,03/19/2018,20180315122542,AD6651EFA0C0545C,2,1.3110799448824202,103.9021355872965,kml_2
No. of Dengue Cases : 1,No. of Dengue Cases : 1,03/19/2018,20180313121709,9D57C7FB0068D775,1,1.327358857457635,103.88775916626699,kml_3
No. of Dengue Cases : 1,No. of Dengue Cases : 1,03/19/2018,20180315122610,A14E7729B2451D34,1,1.305653688296395,103.761962139442,kml_1
No. of Dengue Cases : 1,No. of Dengue Cases : 1,03/19/2018,20180315122610,2482A3A6D5BBAEEB,1,1.34544547808661,103.7547725154595,kml_2
No. of Dengue Cases : 1,No. of Dengue Cases : 1,03/19/2018,20180314100142,B71D63593262C72A,1,1.3382082352027949,103.70085931714249,kml_3
No. of Dengue Cases : 1,No. of Dengue Cases : 1,03/19/2018,20180314100142,F3297FB0C48AABF6,1,1.3436337953098851,103.6900763285045,kml_4
No. of Dengue Cases : 1,No. of Dengue Cases : 1,03/19/2018,20180313121742,3A20597C6808E7BD,1,1.33459186046834,103.72242483957399,kml_5
No. of Dengue Cases : 1,No. of Dengue Cases : 1,03/19/2018,20180313121742,3B32C9F9E297F003,1,1.35629816900967,103.7655549421975,kml_6
No. of Dengue Cases : 1,No. of Dengue Cases : 1,03/19/2018,20180312103742,8A0C318EDE1AAB24,1,1.3581063221511451,103.74758358787449,kml_7
No. of Dengue Cases : 1,No. of Dengue Cases : 1,03/20/2018,20180319105315,63AF1F4A647A228B,1,1.3074633687719048,103.8518168360785,kml_1
No. of Dengue Cases : 2,No. of Dengue Cases : 2,03/20/2018,20180314095740,F97EE91E45D5CC16,2,1.3128895364230702,103.8122806939205,kml_2
No. of Dengue Cases : 1,No. of Dengue Cases : 1,03/20/2018,20180313121310,70E08AD84845598D,1,1.3110805613163952,103.79251263519751,kml_3
No. of Dengue Cases : 1,No. of Dengue Cases : 1,03/20/2018,20180313121310,9692AC7B8DDCB648,1,1.36534276722668,103.8320487571645,kml_4
No. of Dengue Cases : 5,No. of Dengue Cases : 5,03/20/2018,20180320112442,7F348F763EF46248,5,1.332784411485665,103.91112174481151,kml_1
No. of Dengue Cases : 1,No. of Dengue Cases : 1,03/20/2018,20180320112442,7F348F76A64829AE,1,1.332784411485665,103.91112174481151,kml_2
No. of Dengue Cases : 1,No. of Dengue Cases : 1,03/20/2018,20180319105341,2A7651D54A9A2814,1,1.33278397934255,103.9237015256395,kml_3
No. of Dengue Cases : 3,No. of Dengue Cases : 3,03/20/2018,20180316095341,FF3F240B6AC15DE3,3,1.332784353709555,103.9129188566035,kml_4
No. of Dengue Cases : 2,No. of Dengue Cases : 2,03/20/2018,20180316095341,06220E47E336ED56,2,1.3490615340328649,103.947064714954,kml_5
No. of Dengue Cases : 1,No. of Dengue Cases : 1,03/20/2018,20180315122442,784510796A600146,1,1.3508710388539251,103.929093562328,kml_6
No. of Dengue Cases : 1,No. of Dengue Cases : 1,03/20/2018,20180309130114,2589CDD8284ECF6E,1,1.3490614488376251,103.94886183670249,kml_7
No. of Dengue Cases : 1,No. of Dengue Cases : 1,03/20/2018,20180320112612,82B253F222E0E313,1,1.3816204518369748,103.769148527823,kml_1
No. of Dengue Cases : 1,No. of Dengue Cases : 1,03/20/2018,20180316095410,0C2F43A6A0092494,1,1.43045667685021,103.79610498651749,kml_2
No. of Dengue Cases : 1,No. of Dengue Cases : 1,03/20/2018,20180315122511,869E79BDF4A1DAC2,1,1.4304569754888798,103.828454347979,kml_3
No. of Dengue Cases : 1,No. of Dengue Cases : 1,03/20/2018,20180315122511,A28D973523AEB778,1,1.441309146664375,103.80329359117201,kml_4
No. of Dengue Cases : 1,No. of Dengue Cases : 1,03/20/2018,20180315122511,C7FBA39D9DDA1EA2,1,1.448544030595175,103.8014962953385,kml_5
No. of Dengue Cases : 1,No. of Dengue Cases : 1,03/20/2018,20180314100042,E110C4A2A890FAA3,1,1.40151588496979,103.7511763587835,kml_6
No. of Dengue Cases : 1,No. of Dengue Cases : 1,03/20/2018,20180313121411,3FEFEF8620A4D66D,1,1.370768946052795,103.83923732064,kml_7
No. of Dengue Cases : 1,No. of Dengue Cases : 1,03/20/2018,20180309130143,D158598ECB560C9B,1,1.39789816832633,103.7439878453855,kml_8
No. of Dengue Cases : 1,No. of Dengue Cases : 1,03/20/2018,20180308124140,36B4957987B0D17A,1,1.4214133048298851,103.846426166403,kml_9
No. of Dengue Cases : 1,No. of Dengue Cases : 1,03/20/2018,20180316095710,D5173B97DFE8EA2C,1,1.33097468019389,103.93807833624149,kml_1
No. of Dengue Cases : 2,No. of Dengue Cases : 2,03/20/2018,20180315122542,AD6651EFA0C0545C,2,1.3110799448824202,103.9021355872965,kml_2
No. of Dengue Cases : 1,No. of Dengue Cases : 1,03/20/2018,20180313121709,9D57C7FB0068D775,1,1.327358857457635,103.88775916626699,kml_3
No. of Dengue Cases : 1,No. of Dengue Cases : 1,03/20/2018,20180320113012,E3EDA1D60BD467BE,1,1.352678948044985,103.71882977479851,kml_1
No. of Dengue Cases : 1,No. of Dengue Cases : 1,03/20/2018,20180320113012,4CCCA4CB9C2F2F5A,1,1.35629801103419,103.7601635542255,kml_2
No. of Dengue Cases : 1,No. of Dengue Cases : 1,03/20/2018,20180315122610,A14E7729B2451D34,1,1.305653688296395,103.761962139442,kml_3
No. of Dengue Cases : 1,No. of Dengue Cases : 1,03/20/2018,20180315122610,2482A3A6D5BBAEEB,1,1.34544547808661,103.7547725154595,kml_4
No. of Dengue Cases : 1,No. of Dengue Cases : 1,03/20/2018,20180314100142,B71D63593262C72A,1,1.3382082352027949,103.70085931714249,kml_5
No. of Dengue Cases : 1,No. of Dengue Cases : 1,03/20/2018,20180314100142,F3297FB0C48AABF6,1,1.3436337953098851,103.6900763285045,kml_6
No. of Dengue Cases : 1,No. of Dengue Cases : 1,03/20/2018,20180313121742,3A20597C6808E7BD,1,1.33459186046834,103.72242483957399,kml_7
No. of Dengue Cases : 1,No. of Dengue Cases : 1,03/20/2018,20180313121742,3B32C9F9E297F003,1,1.35629816900967,103.7655549421975,kml_8
No. of Dengue Cases : 1,No. of Dengue Cases : 1,03/21/2018,20180321101243,AB70F95C77B50532,1,1.3056547007503,103.8392371649345,kml_1
No. of Dengue Cases : 1,No. of Dengue Cases : 1,03/21/2018,20180319105315,63AF1F4A647A228B,1,1.3074633687719048,103.8518168360785,kml_2
No. of Dengue Cases : 2,No. of Dengue Cases : 2,03/21/2018,20180314095740,F97EE91E45D5CC16,2,1.3128895364230702,103.8122806939205,kml_3
No. of Dengue Cases : 1,No. of Dengue Cases : 1,03/21/2018,20180313121310,70E08AD84845598D,1,1.3110805613163952,103.79251263519751,kml_4
No. of Dengue Cases : 4,No. of Dengue Cases : 4,03/21/2018,20180321101308,7F348F76F563F391,4,1.332784411485665,103.91112174481151,kml_1
No. of Dengue Cases : 1,No. of Dengue Cases : 1,03/21/2018,20180321101308,06220E4764FF597C,1,1.3490615340328649,103.947064714954,kml_2
No. of Dengue Cases : 2,No. of Dengue Cases : 2,03/21/2018,20180321101308,FEEA5A47D4F87EB4,2,1.34906161789245,103.945267593093,kml_3
No. of Dengue Cases : 1,No. of Dengue Cases : 1,03/21/2018,20180321101308,00E94A0DEEF87121,1,1.358107388287365,103.880571321059,kml_4
No. of Dengue Cases : 1,No. of Dengue Cases : 1,03/21/2018,20180319105341,2A7651D54A9A2814,1,1.33278397934255,103.9237015256395,kml_5
No. of Dengue Cases : 3,No. of Dengue Cases : 3,03/21/2018,20180316095341,FF3F240B6AC15DE3,3,1.332784353709555,103.9129188566035,kml_6
No. of Dengue Cases : 1,No. of Dengue Cases : 1,03/21/2018,20180309130114,2589CDD8284ECF6E,1,1.3490614488376251,103.94886183670249,kml_7
No. of Dengue Cases : 1,No. of Dengue Cases : 1,03/21/2018,20180320112612,82B253F222E0E313,1,1.3816204518369748,103.769148527823,kml_1
No. of Dengue Cases : 1,No. of Dengue Cases : 1,03/21/2018,20180316095410,0C2F43A6A0092494,1,1.43045667685021,103.79610498651749,kml_2
No. of Dengue Cases : 1,No. of Dengue Cases : 1,03/21/2018,20180315122511,869E79BDF4A1DAC2,1,1.4304569754888798,103.828454347979,kml_3
No. of Dengue Cases : 1,No. of Dengue Cases : 1,03/21/2018,20180315122511,C7FBA39D9DDA1EA2,1,1.448544030595175,103.8014962953385,kml_4
No. of Dengue Cases : 1,No. of Dengue Cases : 1,03/21/2018,20180314100042,E110C4A2A890FAA3,1,1.40151588496979,103.7511763587835,kml_5
No. of Dengue Cases : 1,No. of Dengue Cases : 1,03/21/2018,20180313121411,3FEFEF8620A4D66D,1,1.370768946052795,103.83923732064,kml_6
No. of Dengue Cases : 1,No. of Dengue Cases : 1,03/21/2018,20180309130143,D158598ECB560C9B,1,1.39789816832633,103.7439878453855,kml_7
No. of Dengue Cases : 1,No. of Dengue Cases : 1,03/21/2018,20180321101409,AD6651EF2709E076,1,1.3110799448824202,103.9021355872965,kml_1
No. of Dengue Cases : 1,No. of Dengue Cases : 1,03/21/2018,20180321101409,4DF9C9B82263DC2F,1,1.31288910565207,103.8841646547915,kml_2
No. of Dengue Cases : 1,No. of Dengue Cases : 1,03/21/2018,20180316095710,D5173B97DFE8EA2C,1,1.33097468019389,103.93807833624149,kml_3
No. of Dengue Cases : 1,No. of Dengue Cases : 1,03/21/2018,20180313121709,9D57C7FB0068D775,1,1.327358857457635,103.88775916626699,kml_4
No. of Dengue Cases : 1,No. of Dengue Cases : 1,03/21/2018,20180321101642,FD3E3E3717E8E0D0,1,1.303845446007865,103.781730199104,kml_1
No. of Dengue Cases : 1,No. of Dengue Cases : 1,03/21/2018,20180320113012,E3EDA1D60BD467BE,1,1.352678948044985,103.71882977479851,kml_2
No. of Dengue Cases : 1,No. of Dengue Cases : 1,03/21/2018,20180320113012,4CCCA4CB9C2F2F5A,1,1.35629801103419,103.7601635542255,kml_3
No. of Dengue Cases : 1,No. of Dengue Cases : 1,03/21/2018,20180315122610,2482A3A6D5BBAEEB,1,1.34544547808661,103.7547725154595,kml_4
No. of Dengue Cases : 1,No. of Dengue Cases : 1,03/21/2018,20180314100142,B71D63593262C72A,1,1.3382082352027949,103.70085931714249,kml_5
No. of Dengue Cases : 1,No. of Dengue Cases : 1,03/21/2018,20180314100142,F3297FB0C48AABF6,1,1.3436337953098851,103.6900763285045,kml_6
No. of Dengue Cases : 1,No. of Dengue Cases : 1,03/21/2018,20180313121742,3A20597C6808E7BD,1,1.33459186046834,103.72242483957399,kml_7
No. of Dengue Cases : 1,No. of Dengue Cases : 1,03/21/2018,20180313121742,3B32C9F9E297F003,1,1.35629816900967,103.7655549421975,kml_8
No. of Dengue Cases : 1,No. of Dengue Cases : 1,03/22/2018,20180321101243,AB70F95C77B50532,1,1.3056547007503,103.8392371649345,kml_1
No. of Dengue Cases : 1,No. of Dengue Cases : 1,03/22/2018,20180319105315,63AF1F4A647A228B,1,1.3074633687719048,103.8518168360785,kml_2
No. of Dengue Cases : 2,No. of Dengue Cases : 2,03/22/2018,20180314095740,F97EE91E45D5CC16,2,1.3128895364230702,103.8122806939205,kml_3
No. of Dengue Cases : 1,No. of Dengue Cases : 1,03/22/2018,20180313121310,70E08AD84845598D,1,1.3110805613163952,103.79251263519751,kml_4
No. of Dengue Cases : 1,No. of Dengue Cases : 1,03/22/2018,20180322100208,FF3F240B269F7810,1,1.332784353709555,103.9129188566035,kml_1
No. of Dengue Cases : 1,No. of Dengue Cases : 1,03/22/2018,20180322100208,17749F953AED4442,1,1.34725344134879,103.93268766373899,kml_2
No. of Dengue Cases : 4,No. of Dengue Cases : 4,03/22/2018,20180321101308,7F348F76F563F391,4,1.332784411485665,103.91112174481151,kml_3
No. of Dengue Cases : 1,No. of Dengue Cases : 1,03/22/2018,20180321101308,06220E4764FF597C,1,1.3490615340328649,103.947064714954,kml_4
No. of Dengue Cases : 2,No. of Dengue Cases : 2,03/22/2018,20180321101308,FEEA5A47D4F87EB4,2,1.34906161789245,103.945267593093,kml_5
No. of Dengue Cases : 1,No. of Dengue Cases : 1,03/22/2018,20180321101308,00E94A0DEEF87121,1,1.358107388287365,103.880571321059,kml_6
No. of Dengue Cases : 1,No. of Dengue Cases : 1,03/22/2018,20180319105341,2A7651D54A9A2814,1,1.33278397934255,103.9237015256395,kml_7
No. of Dengue Cases : 3,No. of Dengue Cases : 3,03/22/2018,20180316095341,FF3F240B6AC15DE3,3,1.332784353709555,103.9129188566035,kml_8
No. of Dengue Cases : 1,No. of Dengue Cases : 1,03/22/2018,20180320112612,82B253F222E0E313,1,1.3816204518369748,103.769148527823,kml_1
No. of Dengue Cases : 1,No. of Dengue Cases : 1,03/22/2018,20180315122511,869E79BDF4A1DAC2,1,1.4304569754888798,103.828454347979,kml_2
No. of Dengue Cases : 1,No. of Dengue Cases : 1,03/22/2018,20180315122511,C7FBA39D9DDA1EA2,1,1.448544030595175,103.8014962953385,kml_3
No. of Dengue Cases : 1,No. of Dengue Cases : 1,03/22/2018,20180314100042,E110C4A2A890FAA3,1,1.40151588496979,103.7511763587835,kml_4
No. of Dengue Cases : 1,No. of Dengue Cases : 1,03/22/2018,20180313121411,3FEFEF8620A4D66D,1,1.370768946052795,103.83923732064,kml_5
No. of Dengue Cases : 1,No. of Dengue Cases : 1,03/22/2018,20180309130143,D158598ECB560C9B,1,1.39789816832633,103.7439878453855,kml_6
No. of Dengue Cases : 1,No. of Dengue Cases : 1,03/22/2018,20180322100542,CF1866E87B3A6083,1,1.354490145857115,103.8679913486545,kml_1
No. of Dengue Cases : 1,No. of Dengue Cases : 1,03/22/2018,20180322100543,FFF7C6BDAA7DDF4D,1,1.33097419564444,103.9488609892955,kml_2
No. of Dengue Cases : 1,No. of Dengue Cases : 1,03/22/2018,20180321101409,AD6651EF2709E076,1,1.3110799448824202,103.9021355872965,kml_3
No. of Dengue Cases : 1,No. of Dengue Cases : 1,03/22/2018,20180321101409,4DF9C9B82263DC2F,1,1.31288910565207,103.8841646547915,kml_4
No. of Dengue Cases : 1,No. of Dengue Cases : 1,03/22/2018,20180316095710,D5173B97DFE8EA2C,1,1.33097468019389,103.93807833624149,kml_5
No. of Dengue Cases : 1,No. of Dengue Cases : 1,03/22/2018,20180313121709,9D57C7FB0068D775,1,1.327358857457635,103.88775916626699,kml_6
No. of Dengue Cases : 1,No. of Dengue Cases : 1,03/22/2018,20180322100611,DAAD3D0263ABE0A9,1,1.3508716596515549,103.754772341533,kml_1
No. of Dengue Cases : 1,No. of Dengue Cases : 1,03/22/2018,20180322100611,0609EB928F327848,1,1.376193455154225,103.74398865942,kml_2
No. of Dengue Cases : 1,No. of Dengue Cases : 1,03/22/2018,20180321101642,FD3E3E3717E8E0D0,1,1.303845446007865,103.781730199104,kml_3
No. of Dengue Cases : 1,No. of Dengue Cases : 1,03/22/2018,20180320113012,E3EDA1D60BD467BE,1,1.352678948044985,103.71882977479851,kml_4
No. of Dengue Cases : 1,No. of Dengue Cases : 1,03/22/2018,20180320113012,4CCCA4CB9C2F2F5A,1,1.35629801103419,103.7601635542255,kml_5
No. of Dengue Cases : 1,No. of Dengue Cases : 1,03/22/2018,20180314100142,B71D63593262C72A,1,1.3382082352027949,103.70085931714249,kml_6
No. of Dengue Cases : 1,No. of Dengue Cases : 1,03/22/2018,20180314100142,F3297FB0C48AABF6,1,1.3436337953098851,103.6900763285045,kml_7
No. of Dengue Cases : 1,No. of Dengue Cases : 1,03/22/2018,20180313121742,3A20597C6808E7BD,1,1.33459186046834,103.72242483957399,kml_8
No. of Dengue Cases : 1,No. of Dengue Cases : 1,03/22/2018,20180313121742,3B32C9F9E297F003,1,1.35629816900967,103.7655549421975,kml_9
No. of Dengue Cases : 1,No. of Dengue Cases : 1,03/23/2018,20180319105315,63AF1F4A647A228B,1,1.3074633687719048,103.8518168360785,kml_1
No. of Dengue Cases : 2,No. of Dengue Cases : 2,03/23/2018,20180314095740,F97EE91E45D5CC16,2,1.3128895364230702,103.8122806939205,kml_2
No. of Dengue Cases : 1,No. of Dengue Cases : 1,03/23/2018,20180313121310,70E08AD84845598D,1,1.3110805613163952,103.79251263519751,kml_3
No. of Dengue Cases : 3,No. of Dengue Cases : 3,03/23/2018,20180323125811,7F348F76EA160C5D,3,1.332784411485665,103.91112174481151,kml_1
No. of Dengue Cases : 1,No. of Dengue Cases : 1,03/23/2018,20180322100208,17749F953AED4442,1,1.34725344134879,103.93268766373899,kml_2
No. of Dengue Cases : 2,No. of Dengue Cases : 2,03/23/2018,20180321101308,FEEA5A47D4F87EB4,2,1.34906161789245,103.945267593093,kml_3
No. of Dengue Cases : 1,No. of Dengue Cases : 1,03/23/2018,20180321101308,00E94A0DEEF87121,1,1.358107388287365,103.880571321059,kml_4
No. of Dengue Cases : 1,No. of Dengue Cases : 1,03/23/2018,20180319105341,2A7651D54A9A2814,1,1.33278397934255,103.9237015256395,kml_5
No. of Dengue Cases : 3,No. of Dengue Cases : 3,03/23/2018,20180316095341,FF3F240B6AC15DE3,3,1.332784353709555,103.9129188566035,kml_6
No. of Dengue Cases : 1,No. of Dengue Cases : 1,03/23/2018,20180320112612,82B253F222E0E313,1,1.3816204518369748,103.769148527823,kml_1
No. of Dengue Cases : 1,No. of Dengue Cases : 1,03/23/2018,20180315122511,C7FBA39D9DDA1EA2,1,1.448544030595175,103.8014962953385,kml_2
No. of Dengue Cases : 1,No. of Dengue Cases : 1,03/23/2018,20180314100042,E110C4A2A890FAA3,1,1.40151588496979,103.7511763587835,kml_3
No. of Dengue Cases : 1,No. of Dengue Cases : 1,03/23/2018,20180313121411,3FEFEF8620A4D66D,1,1.370768946052795,103.83923732064,kml_4
No. of Dengue Cases : 1,No. of Dengue Cases : 1,03/23/2018,20180323130112,B26B5BCB63A94C31,1,1.3255492010380001,103.9201070504315,kml_1
No. of Dengue Cases : 1,No. of Dengue Cases : 1,03/23/2018,20180323130112,426C6F70CA2B3CA3,1,1.32554834613051,103.94167231805,kml_2
No. of Dengue Cases : 1,No. of Dengue Cases : 1,03/23/2018,20180323130112,A6F1BB1019D048EA,1,1.31288890557491,103.89315014649051,kml_3
No. of Dengue Cases : 1,No. of Dengue Cases : 1,03/23/2018,20180322100542,CF1866E87B3A6083,1,1.354490145857115,103.8679913486545,kml_4
No. of Dengue Cases : 1,No. of Dengue Cases : 1,03/23/2018,20180322100543,FFF7C6BDAA7DDF4D,1,1.33097419564444,103.9488609892955,kml_5
No. of Dengue Cases : 1,No. of Dengue Cases : 1,03/23/2018,20180321101409,4DF9C9B82263DC2F,1,1.31288910565207,103.8841646547915,kml_6
No. of Dengue Cases : 1,No. of Dengue Cases : 1,03/23/2018,20180316095710,D5173B97DFE8EA2C,1,1.33097468019389,103.93807833624149,kml_7
No. of Dengue Cases : 1,No. of Dengue Cases : 1,03/23/2018,20180313121709,9D57C7FB0068D775,1,1.327358857457635,103.88775916626699,kml_8
No. of Dengue Cases : 1,No. of Dengue Cases : 1,03/23/2018,20180323130140,8A426DFE68E147CA,1,1.3074623643382348,103.760164994519,kml_1
No. of Dengue Cases : 1,No. of Dengue Cases : 1,03/23/2018,20180322100611,DAAD3D0263ABE0A9,1,1.3508716596515549,103.754772341533,kml_2
No. of Dengue Cases : 1,No. of Dengue Cases : 1,03/23/2018,20180322100611,0609EB928F327848,1,1.376193455154225,103.74398865942,kml_3
No. of Dengue Cases : 1,No. of Dengue Cases : 1,03/23/2018,20180321101642,FD3E3E3717E8E0D0,1,1.303845446007865,103.781730199104,kml_4
No. of Dengue Cases : 1,No. of Dengue Cases : 1,03/23/2018,20180320113012,E3EDA1D60BD467BE,1,1.352678948044985,103.71882977479851,kml_5
No. of Dengue Cases : 1,No. of Dengue Cases : 1,03/23/2018,20180320113012,4CCCA4CB9C2F2F5A,1,1.35629801103419,103.7601635542255,kml_6
No. of Dengue Cases : 1,No. of Dengue Cases : 1,03/23/2018,20180314100142,B71D63593262C72A,1,1.3382082352027949,103.70085931714249,kml_7
No. of Dengue Cases : 1,No. of Dengue Cases : 1,03/23/2018,20180314100142,F3297FB0C48AABF6,1,1.3436337953098851,103.6900763285045,kml_8
No. of Dengue Cases : 1,No. of Dengue Cases : 1,03/23/2018,20180313121742,3A20597C6808E7BD,1,1.33459186046834,103.72242483957399,kml_9
No. of Dengue Cases : 1,No. of Dengue Cases : 1,03/23/2018,20180313121742,3B32C9F9E297F003,1,1.35629816900967,103.7655549421975,kml_10
No. of Dengue Cases : 1,No. of Dengue Cases : 1,03/28/2018,20180328123014,C3A0D29989872226,1,1.33097562632488,103.9129187985815,kml_1
No. of Dengue Cases : 1,No. of Dengue Cases : 1,03/28/2018,20180328123014,7F348F76A64829AE,1,1.332784411485665,103.91112174481151,kml_2
No. of Dengue Cases : 1,No. of Dengue Cases : 1,03/28/2018,20180328123014,FF3F240B269F7810,1,1.332784353709555,103.9129188566035,kml_3
No. of Dengue Cases : 2,No. of Dengue Cases : 2,03/28/2018,20180328123014,2A7651D5CD539C3E,2,1.33278397934255,103.9237015256395,kml_4
No. of Dengue Cases : 2,No. of Dengue Cases : 2,03/28/2018,20180328123014,2A7651D5CD539C3E,2,1.33278397934255,103.9237015256395,kml_5
No. of Dengue Cases : 1,No. of Dengue Cases : 1,03/28/2018,20180328123014,17749F953AED4442,1,1.34725344134879,103.93268766373899,kml_6
No. of Dengue Cases : 1,No. of Dengue Cases : 1,03/28/2018,20180328123410,82B253F222E0E313,1,1.3816204518369748,103.769148527823,kml_1
No. of Dengue Cases : 1,No. of Dengue Cases : 1,03/28/2018,20180328123815,B26B5BCB63A94C31,1,1.3255492010380001,103.9201070504315,kml_1
No. of Dengue Cases : 1,No. of Dengue Cases : 1,03/28/2018,20180328123815,426C6F70CA2B3CA3,1,1.32554834613051,103.94167231805,kml_2
No. of Dengue Cases : 1,No. of Dengue Cases : 1,03/28/2018,20180328123815,CF1866E87B3A6083,1,1.354490145857115,103.8679913486545,kml_3
No. of Dengue Cases : 1,No. of Dengue Cases : 1,03/28/2018,20180328123815,4DF9C9B82263DC2F,1,1.31288910565207,103.8841646547915,kml_4
No. of Dengue Cases : 1,No. of Dengue Cases : 1,03/28/2018,20180328123815,A6F1BB1019D048EA,1,1.31288890557491,103.89315014649051,kml_5
No. of Dengue Cases : 1,No. of Dengue Cases : 1,03/28/2018,20180328123815,FFF7C6BDAA7DDF4D,1,1.33097419564444,103.9488609892955,kml_6
No. of Dengue Cases : 1,No. of Dengue Cases : 1,03/28/2018,20180328123815,F775232D81079C8A,1,1.34544644911549,103.8715854653075,kml_7
No. of Dengue Cases : 1,No. of Dengue Cases : 1,03/28/2018,20180328123815,09690450AF0EEF5A,1,1.34725494621671,103.88416535796,kml_8
No. of Dengue Cases : 1,No. of Dengue Cases : 1,03/29/2018,20180328122615,0B2BC1919D32C80C,1,1.320124459853845,103.8536140333895,kml_1
No. of Dengue Cases : 1,No. of Dengue Cases : 1,03/29/2018,20180328122615,9A9D3CA90A21F720,1,1.32193317361627,103.85541115359649,kml_2
No. of Dengue Cases : 1,No. of Dengue Cases : 1,03/29/2018,20180328122615,5A39E7C1D086A257,1,1.3237418485562151,103.86080248997351,kml_3
No. of Dengue Cases : 1,No. of Dengue Cases : 1,03/29/2018,20180328122615,EC4030255C7AA0D8,1,1.338211717970795,103.8572084155615,kml_4
No. of Dengue Cases : 1,No. of Dengue Cases : 1,03/29/2018,20180328122615,EEF08669B2DA5CC4,1,1.38885583211716,103.876977615965,kml_5
No. of Dengue Cases : 3,No. of Dengue Cases : 3,03/29/2018,20180329124213,2A7651D506C40DE7,3,1.33278397934255,103.9237015256395,kml_1
No. of Dengue Cases : 1,No. of Dengue Cases : 1,03/29/2018,20180328123014,C3A0D29989872226,1,1.33097562632488,103.9129187985815,kml_2
No. of Dengue Cases : 1,No. of Dengue Cases : 1,03/29/2018,20180328123014,7F348F76A64829AE,1,1.332784411485665,103.91112174481151,kml_3
No. of Dengue Cases : 1,No. of Dengue Cases : 1,03/29/2018,20180328123014,FF3F240B269F7810,1,1.332784353709555,103.9129188566035,kml_4
No. of Dengue Cases : 1,No. of Dengue Cases : 1,03/29/2018,20180328123014,17749F953AED4442,1,1.34725344134879,103.93268766373899,kml_5
No. of Dengue Cases : 1,No. of Dengue Cases : 1,03/29/2018,20180328123410,82B253F222E0E313,1,1.3816204518369748,103.769148527823,kml_1
No. of Dengue Cases : 1,No. of Dengue Cases : 1,03/29/2018,20180328123410,82B253F222E0E313,1,1.3816204518369748,103.769148527823,kml_2
No. of Dengue Cases : 1,No. of Dengue Cases : 1,03/29/2018,20180328123815,B26B5BCB63A94C31,1,1.3255492010380001,103.9201070504315,kml_1
No. of Dengue Cases : 1,No. of Dengue Cases : 1,03/29/2018,20180328123815,CF1866E87B3A6083,1,1.354490145857115,103.8679913486545,kml_2
No. of Dengue Cases : 1,No. of Dengue Cases : 1,03/29/2018,20180328123815,4DF9C9B82263DC2F,1,1.31288910565207,103.8841646547915,kml_3
No. of Dengue Cases : 1,No. of Dengue Cases : 1,03/29/2018,20180328123815,A6F1BB1019D048EA,1,1.31288890557491,103.89315014649051,kml_4
No. of Dengue Cases : 1,No. of Dengue Cases : 1,03/29/2018,20180328123815,FFF7C6BDAA7DDF4D,1,1.33097419564444,103.9488609892955,kml_5
No. of Dengue Cases : 1,No. of Dengue Cases : 1,03/29/2018,20180328123815,F775232D81079C8A,1,1.34544644911549,103.8715854653075,kml_6
No. of Dengue Cases : 1,No. of Dengue Cases : 1,03/29/2018,20180328123815,09690450AF0EEF5A,1,1.34725494621671,103.88416535796,kml_7
No. of Dengue Cases : 1,No. of Dengue Cases : 1,03/29/2018,20180328124113,F3297FB0C48AABF6,1,1.3436337953098851,103.6900763285045,kml_1
No. of Dengue Cases : 1,No. of Dengue Cases : 1,03/29/2018,20180328124113,FD3E3E3717E8E0D0,1,1.303845446007865,103.781730199104,kml_2
No. of Dengue Cases : 1,No. of Dengue Cases : 1,03/29/2018,20180328124113,8A426DFE68E147CA,1,1.3074623643382348,103.760164994519,kml_3
No. of Dengue Cases : 1,No. of Dengue Cases : 1,03/29/2018,20180328124113,D4148678CCD2A423,1,1.31288870117682,103.7655561305435,kml_4
No. of Dengue Cases : 1,No. of Dengue Cases : 1,03/29/2018,20180328124113,1771025AC7E8DB06,1,1.32193152226333,103.74039643197699,kml_5
No. of Dengue Cases : 1,No. of Dengue Cases : 1,03/29/2018,20180328124113,E3D726B3E5CD8342,1,1.33820803722216,103.697265092203,kml_6
No. of Dengue Cases : 1,No. of Dengue Cases : 1,03/29/2018,20180328124113,1A78AA84B62D155E,1,1.343636750844405,103.754772573279,kml_7
No. of Dengue Cases : 1,No. of Dengue Cases : 1,03/29/2018,20180328124113,E3EDA1D60BD467BE,1,1.352678948044985,103.71882977479851,kml_8
No. of Dengue Cases : 1,No. of Dengue Cases : 1,03/29/2018,20180328124113,0609EB928F327848,1,1.376193455154225,103.74398865942,kml_9
No. of Dengue Cases : 1,No. of Dengue Cases : 1,04/02/2018,20180328122615,0B2BC1919D32C80C,1,1.320124459853845,103.8536140333895,kml_1
No. of Dengue Cases : 1,No. of Dengue Cases : 1,04/02/2018,20180328122615,9A9D3CA90A21F720,1,1.32193317361627,103.85541115359649,kml_2
No. of Dengue Cases : 1,No. of Dengue Cases : 1,04/02/2018,20180328122615,5A39E7C1D086A257,1,1.3237418485562151,103.86080248997351,kml_3
No. of Dengue Cases : 1,No. of Dengue Cases : 1,04/02/2018,20180328122615,EC4030255C7AA0D8,1,1.338211717970795,103.8572084155615,kml_4
No. of Dengue Cases : 1,No. of Dengue Cases : 1,04/02/2018,20180328122615,0B2BC1919D32C80C,1,1.320124459853845,103.8536140333895,kml_5
No. of Dengue Cases : 1,No. of Dengue Cases : 1,04/02/2018,20180328122615,9A9D3CA90A21F720,1,1.32193317361627,103.85541115359649,kml_6
No. of Dengue Cases : 1,No. of Dengue Cases : 1,04/02/2018,20180328122615,5A39E7C1D086A257,1,1.3237418485562151,103.86080248997351,kml_7
No. of Dengue Cases : 1,No. of Dengue Cases : 1,04/02/2018,20180328122615,EC4030255C7AA0D8,1,1.338211717970795,103.8572084155615,kml_8
No. of Dengue Cases : 2,No. of Dengue Cases : 2,04/02/2018,20180402170844,2A7651D5CD539C3E,2,1.33278397934255,103.9237015256395,kml_1
No. of Dengue Cases : 1,No. of Dengue Cases : 1,04/02/2018,20180402170844,2A7651D54A9A2814,1,1.33278397934255,103.9237015256395,kml_2
No. of Dengue Cases : 1,No. of Dengue Cases : 1,04/02/2018,20180402170844,4984ED53F4A25BE3,1,1.4051334268438551,103.912921242159,kml_3
No. of Dengue Cases : 1,No. of Dengue Cases : 1,04/02/2018,20180328123014,C3A0D29989872226,1,1.33097562632488,103.9129187985815,kml_4
No. of Dengue Cases : 1,No. of Dengue Cases : 1,04/02/2018,20180328123014,7F348F76A64829AE,1,1.332784411485665,103.91112174481151,kml_5
No. of Dengue Cases : 1,No. of Dengue Cases : 1,04/02/2018,20180328123014,FF3F240B269F7810,1,1.332784353709555,103.9129188566035,kml_6
No. of Dengue Cases : 2,No. of Dengue Cases : 2,04/02/2018,20180402170844,2A7651D5CD539C3E,2,1.33278397934255,103.9237015256395,kml_7
No. of Dengue Cases : 1,No. of Dengue Cases : 1,04/02/2018,20180402170844,2A7651D54A9A2814,1,1.33278397934255,103.9237015256395,kml_8
No. of Dengue Cases : 1,No. of Dengue Cases : 1,04/02/2018,20180402170844,4984ED53F4A25BE3,1,1.4051334268438551,103.912921242159,kml_9
No. of Dengue Cases : 1,No. of Dengue Cases : 1,04/02/2018,20180328123014,C3A0D29989872226,1,1.33097562632488,103.9129187985815,kml_10
No. of Dengue Cases : 1,No. of Dengue Cases : 1,04/02/2018,20180328123014,7F348F76A64829AE,1,1.332784411485665,103.91112174481151,kml_11
No. of Dengue Cases : 1,No. of Dengue Cases : 1,04/02/2018,20180328123014,FF3F240B269F7810,1,1.332784353709555,103.9129188566035,kml_12
No. of Dengue Cases : 1,No. of Dengue Cases : 1,04/02/2018,20180328123815,F775232D81079C8A,1,1.34544644911549,103.8715854653075,kml_1
No. of Dengue Cases : 1,No. of Dengue Cases : 1,04/02/2018,20180328123815,F775232D81079C8A,1,1.34544644911549,103.8715854653075,kml_2
No. of Dengue Cases : 1,No. of Dengue Cases : 1,04/02/2018,20180328124113,8A426DFE68E147CA,1,1.3074623643382348,103.760164994519,kml_1
No. of Dengue Cases : 1,No. of Dengue Cases : 1,04/02/2018,20180328124113,D4148678CCD2A423,1,1.31288870117682,103.7655561305435,kml_2
No. of Dengue Cases : 1,No. of Dengue Cases : 1,04/02/2018,20180328124113,1771025AC7E8DB06,1,1.32193152226333,103.74039643197699,kml_3
No. of Dengue Cases : 1,No. of Dengue Cases : 1,04/02/2018,20180328124113,1A78AA84B62D155E,1,1.343636750844405,103.754772573279,kml_4
No. of Dengue Cases : 1,No. of Dengue Cases : 1,04/02/2018,20180328124113,0609EB928F327848,1,1.376193455154225,103.74398865942,kml_5
No. of Dengue Cases : 1,No. of Dengue Cases : 1,04/02/2018,20180328124113,8A426DFE68E147CA,1,1.3074623643382348,103.760164994519,kml_6
No. of Dengue Cases : 1,No. of Dengue Cases : 1,04/02/2018,20180328124113,D4148678CCD2A423,1,1.31288870117682,103.7655561305435,kml_7
No. of Dengue Cases : 1,No. of Dengue Cases : 1,04/02/2018,20180328124113,1771025AC7E8DB06,1,1.32193152226333,103.74039643197699,kml_8
No. of Dengue Cases : 1,No. of Dengue Cases : 1,04/02/2018,20180328124113,1A78AA84B62D155E,1,1.343636750844405,103.754772573279,kml_9
No. of Dengue Cases : 1,No. of Dengue Cases : 1,04/02/2018,20180328124113,0609EB928F327848,1,1.376193455154225,103.74398865942,kml_10
No. of Dengue Cases : 2,No. of Dengue Cases : 2,04/04/2018,20180404173843,EC403025DBB314F2,2,1.338211717970795,103.8572084155615,kml_1
No. of Dengue Cases : 1,No. of Dengue Cases : 1,04/04/2018,20180404173843,6A7BC5AD629211DC,1,1.30746335481124,103.853613931294,kml_2
No. of Dengue Cases : 1,No. of Dengue Cases : 1,04/04/2018,20180404173843,98BB688F21BD114D,1,1.3237419182002852,103.853614062741,kml_3
No. of Dengue Cases : 1,No. of Dengue Cases : 1,04/04/2018,20180404173843,FC9EFFF833540CD4,1,1.325550674329135,103.850019861097,kml_4
No. of Dengue Cases : 1,No. of Dengue Cases : 1,04/04/2018,20180404173843,F590646AD9D564E1,1,1.387047304153185,103.8643975100925,kml_5
No. of Dengue Cases : 1,No. of Dengue Cases : 1,04/04/2018,20180403113942,9943BF08F43C8E79,1,1.3689596826280002,103.884165811435,kml_6
No. of Dengue Cases : 1,No. of Dengue Cases : 1,04/04/2018,20180328122615,9A9D3CA90A21F720,1,1.32193317361627,103.85541115359649,kml_7
No. of Dengue Cases : 1,No. of Dengue Cases : 1,04/04/2018,20180328122615,5A39E7C1D086A257,1,1.3237418485562151,103.86080248997351,kml_8
No. of Dengue Cases : 2,No. of Dengue Cases : 2,04/04/2018,20180404173843,EC403025DBB314F2,2,1.338211717970795,103.8572084155615,kml_9
No. of Dengue Cases : 1,No. of Dengue Cases : 1,04/04/2018,20180404173843,6A7BC5AD629211DC,1,1.30746335481124,103.853613931294,kml_10
No. of Dengue Cases : 1,No. of Dengue Cases : 1,04/04/2018,20180404173843,98BB688F21BD114D,1,1.3237419182002852,103.853614062741,kml_11
No. of Dengue Cases : 1,No. of Dengue Cases : 1,04/04/2018,20180404173843,FC9EFFF833540CD4,1,1.325550674329135,103.850019861097,kml_12
No. of Dengue Cases : 1,No. of Dengue Cases : 1,04/04/2018,20180404173843,F590646AD9D564E1,1,1.387047304153185,103.8643975100925,kml_13
No. of Dengue Cases : 1,No. of Dengue Cases : 1,04/04/2018,20180403113942,9943BF08F43C8E79,1,1.3689596826280002,103.884165811435,kml_14
No. of Dengue Cases : 1,No. of Dengue Cases : 1,04/04/2018,20180328122615,9A9D3CA90A21F720,1,1.32193317361627,103.85541115359649,kml_15
No. of Dengue Cases : 1,No. of Dengue Cases : 1,04/04/2018,20180328122615,5A39E7C1D086A257,1,1.3237418485562151,103.86080248997351,kml_16
No. of Dengue Cases : 3,No. of Dengue Cases : 3,04/04/2018,20180404173944,7F348F76EA160C5D,3,1.332784411485665,103.91112174481151,kml_1
No. of Dengue Cases : 5,No. of Dengue Cases : 5,04/04/2018,20180404173944,2A7651D5D22663F2,5,1.33278397934255,103.9237015256395,kml_2
No. of Dengue Cases : 1,No. of Dengue Cases : 1,04/04/2018,20180404173944,2A7651D54A9A2814,1,1.33278397934255,103.9237015256395,kml_3
No. of Dengue Cases : 1,No. of Dengue Cases : 1,04/04/2018,20180403114043,43AB79E409507398,1,1.33097568402256,103.911121688099,kml_4
No. of Dengue Cases : 1,No. of Dengue Cases : 1,04/04/2018,20180403114043,581CD7F679F53CE8,1,1.36714852259476,103.9524569654295,kml_5
No. of Dengue Cases : 1,No. of Dengue Cases : 1,04/04/2018,20180402170844,4984ED53F4A25BE3,1,1.4051334268438551,103.912921242159,kml_6
No. of Dengue Cases : 1,No. of Dengue Cases : 1,04/04/2018,20180328123014,FF3F240B269F7810,1,1.332784353709555,103.9129188566035,kml_7
No. of Dengue Cases : 3,No. of Dengue Cases : 3,04/04/2018,20180404173944,7F348F76EA160C5D,3,1.332784411485665,103.91112174481151,kml_8
No. of Dengue Cases : 5,No. of Dengue Cases : 5,04/04/2018,20180404173944,2A7651D5D22663F2,5,1.33278397934255,103.9237015256395,kml_9
No. of Dengue Cases : 1,No. of Dengue Cases : 1,04/04/2018,20180404173944,2A7651D54A9A2814,1,1.33278397934255,103.9237015256395,kml_10
No. of Dengue Cases : 1,No. of Dengue Cases : 1,04/04/2018,20180403114043,43AB79E409507398,1,1.33097568402256,103.911121688099,kml_11
No. of Dengue Cases : 1,No. of Dengue Cases : 1,04/04/2018,20180403114043,581CD7F679F53CE8,1,1.36714852259476,103.9524569654295,kml_12
No. of Dengue Cases : 1,No. of Dengue Cases : 1,04/04/2018,20180402170844,4984ED53F4A25BE3,1,1.4051334268438551,103.912921242159,kml_13
No. of Dengue Cases : 1,No. of Dengue Cases : 1,04/04/2018,20180328123014,FF3F240B269F7810,1,1.332784353709555,103.9129188566035,kml_14
No. of Dengue Cases : 1,No. of Dengue Cases : 1,04/04/2018,20180404174042,44A3BBF1731AABA7,1,1.43045697700971,103.837440283144,kml_1
No. of Dengue Cases : 2,No. of Dengue Cases : 2,04/04/2018,20180404174042,E2A749A8BF435C68,2,1.3689593603957801,103.769148866062,kml_2
No. of Dengue Cases : 1,No. of Dengue Cases : 1,04/04/2018,20180404174042,FA9E320B2B952C04,1,1.372576766016875,103.767351628134,kml_3
No. of Dengue Cases : 1,No. of Dengue Cases : 1,04/04/2018,20180403114244,2D093C6BD3A35DCC,1,1.42141329387399,103.84822334622899,kml_4
No. of Dengue Cases : 1,No. of Dengue Cases : 1,04/04/2018,20180403114244,EE23E63D4CF2FAB8,1,1.432265704626055,103.837440286362,kml_5
No. of Dengue Cases : 1,No. of Dengue Cases : 1,04/04/2018,20180403114244,52AACA804EB06C70,1,1.4413089778649701,103.7925104210465,kml_6
No. of Dengue Cases : 1,No. of Dengue Cases : 1,04/04/2018,20180404174042,44A3BBF1731AABA7,1,1.43045697700971,103.837440283144,kml_7
No. of Dengue Cases : 2,No. of Dengue Cases : 2,04/04/2018,20180404174042,E2A749A8BF435C68,2,1.3689593603957801,103.769148866062,kml_8
No. of Dengue Cases : 1,No. of Dengue Cases : 1,04/04/2018,20180404174042,FA9E320B2B952C04,1,1.372576766016875,103.767351628134,kml_9
No. of Dengue Cases : 1,No. of Dengue Cases : 1,04/04/2018,20180403114244,2D093C6BD3A35DCC,1,1.42141329387399,103.84822334622899,kml_10
No. of Dengue Cases : 1,No. of Dengue Cases : 1,04/04/2018,20180403114244,EE23E63D4CF2FAB8,1,1.432265704626055,103.837440286362,kml_11
No. of Dengue Cases : 1,No. of Dengue Cases : 1,04/04/2018,20180403114244,52AACA804EB06C70,1,1.4413089778649701,103.7925104210465,kml_12
No. of Dengue Cases : 1,No. of Dengue Cases : 1,04/04/2018,20180403114338,88D543E67AC66AB0,1,1.3110796233437751,103.912918165544,kml_1
No. of Dengue Cases : 1,No. of Dengue Cases : 1,04/04/2018,20180328123815,F775232D81079C8A,1,1.34544644911549,103.8715854653075,kml_2
No. of Dengue Cases : 1,No. of Dengue Cases : 1,04/04/2018,20180403114338,88D543E67AC66AB0,1,1.3110796233437751,103.912918165544,kml_3
No. of Dengue Cases : 1,No. of Dengue Cases : 1,04/04/2018,20180328123815,F775232D81079C8A,1,1.34544644911549,103.8715854653075,kml_4
No. of Dengue Cases : 3,No. of Dengue Cases : 3,04/04/2018,20180404174243,F3297FB088D48E05,3,1.3436337953098851,103.6900763285045,kml_1
No. of Dengue Cases : 1,No. of Dengue Cases : 1,04/04/2018,20180328124113,8A426DFE68E147CA,1,1.3074623643382348,103.760164994519,kml_2
No. of Dengue Cases : 1,No. of Dengue Cases : 1,04/04/2018,20180328124113,D4148678CCD2A423,1,1.31288870117682,103.7655561305435,kml_3
No. of Dengue Cases : 1,No. of Dengue Cases : 1,04/04/2018,20180328124113,1A78AA84B62D155E,1,1.343636750844405,103.754772573279,kml_4
No. of Dengue Cases : 1,No. of Dengue Cases : 1,04/04/2018,20180328124113,0609EB928F327848,1,1.376193455154225,103.74398865942,kml_5
No. of Dengue Cases : 3,No. of Dengue Cases : 3,04/04/2018,20180404174243,F3297FB088D48E05,3,1.3436337953098851,103.6900763285045,kml_6
No. of Dengue Cases : 1,No. of Dengue Cases : 1,04/04/2018,20180328124113,8A426DFE68E147CA,1,1.3074623643382348,103.760164994519,kml_7
No. of Dengue Cases : 1,No. of Dengue Cases : 1,04/04/2018,20180328124113,D4148678CCD2A423,1,1.31288870117682,103.7655561305435,kml_8
No. of Dengue Cases : 1,No. of Dengue Cases : 1,04/04/2018,20180328124113,1A78AA84B62D155E,1,1.343636750844405,103.754772573279,kml_9
No. of Dengue Cases : 1,No. of Dengue Cases : 1,04/04/2018,20180328124113,0609EB928F327848,1,1.376193455154225,103.74398865942,kml_10
No. of Dengue Cases : 2,No. of Dengue Cases : 2,04/05/2018,20180404173843,EC403025DBB314F2,2,1.338211717970795,103.8572084155615,kml_1
No. of Dengue Cases : 1,No. of Dengue Cases : 1,04/05/2018,20180404173843,6A7BC5AD629211DC,1,1.30746335481124,103.853613931294,kml_2
No. of Dengue Cases : 1,No. of Dengue Cases : 1,04/05/2018,20180404173843,98BB688F21BD114D,1,1.3237419182002852,103.853614062741,kml_3
No. of Dengue Cases : 1,No. of Dengue Cases : 1,04/05/2018,20180404173843,FC9EFFF833540CD4,1,1.325550674329135,103.850019861097,kml_4
No. of Dengue Cases : 1,No. of Dengue Cases : 1,04/05/2018,20180404173843,F590646AD9D564E1,1,1.387047304153185,103.8643975100925,kml_5
No. of Dengue Cases : 1,No. of Dengue Cases : 1,04/05/2018,20180403113942,9943BF08F43C8E79,1,1.3689596826280002,103.884165811435,kml_6
No. of Dengue Cases : 1,No. of Dengue Cases : 1,04/05/2018,20180328122615,5A39E7C1D086A257,1,1.3237418485562151,103.86080248997351,kml_7
No. of Dengue Cases : 2,No. of Dengue Cases : 2,04/05/2018,20180405175943,7F348F7621819D84,2,1.332784411485665,103.91112174481151,kml_1
No. of Dengue Cases : 1,No. of Dengue Cases : 1,04/05/2018,20180405175943,F3F0CA6EF470C8E2,1,1.332784045035895,103.9219044143465,kml_2
No. of Dengue Cases : 2,No. of Dengue Cases : 2,04/05/2018,20180405175943,2A7651D5CD539C3E,2,1.33278397934255,103.9237015256395,kml_3
No. of Dengue Cases : 1,No. of Dengue Cases : 1,04/05/2018,20180405175943,CAF7530F5A7D7153,1,1.36895956151902,103.8895572292945,kml_4
No. of Dengue Cases : 5,No. of Dengue Cases : 5,04/05/2018,20180404173944,2A7651D5D22663F2,5,1.33278397934255,103.9237015256395,kml_5
No. of Dengue Cases : 1,No. of Dengue Cases : 1,04/05/2018,20180403114043,43AB79E409507398,1,1.33097568402256,103.911121688099,kml_6
No. of Dengue Cases : 1,No. of Dengue Cases : 1,04/05/2018,20180403114043,581CD7F679F53CE8,1,1.36714852259476,103.9524569654295,kml_7
No. of Dengue Cases : 1,No. of Dengue Cases : 1,04/05/2018,20180402170844,4984ED53F4A25BE3,1,1.4051334268438551,103.912921242159,kml_8
No. of Dengue Cases : 1,No. of Dengue Cases : 1,04/05/2018,20180328123014,FF3F240B269F7810,1,1.332784353709555,103.9129188566035,kml_9
No. of Dengue Cases : 1,No. of Dengue Cases : 1,04/05/2018,20180328123014,FF3F240B269F7810,1,1.332784353709555,103.9129188566035,kml_10
No. of Dengue Cases : 3,No. of Dengue Cases : 3,04/05/2018,20180405180043,E2A749A874D4CDB1,3,1.3689593603957801,103.769148866062,kml_1
No. of Dengue Cases : 1,No. of Dengue Cases : 1,04/05/2018,20180405180043,D6138727A6CCF683,1,1.430456355452315,103.77993030962,kml_2
No. of Dengue Cases : 1,No. of Dengue Cases : 1,04/05/2018,20180404174042,44A3BBF1731AABA7,1,1.43045697700971,103.837440283144,kml_3
No. of Dengue Cases : 1,No. of Dengue Cases : 1,04/05/2018,20180403114244,2D093C6BD3A35DCC,1,1.42141329387399,103.84822334622899,kml_4
No. of Dengue Cases : 1,No. of Dengue Cases : 1,04/05/2018,20180403114244,EE23E63D4CF2FAB8,1,1.432265704626055,103.837440286362,kml_5
No. of Dengue Cases : 1,No. of Dengue Cases : 1,04/05/2018,20180403114244,52AACA804EB06C70,1,1.4413089778649701,103.7925104210465,kml_6
No. of Dengue Cases : 1,No. of Dengue Cases : 1,04/05/2018,20180403114338,88D543E67AC66AB0,1,1.3110796233437751,103.912918165544,kml_1
No. of Dengue Cases : 3,No. of Dengue Cases : 3,04/05/2018,20180404174243,F3297FB088D48E05,3,1.3436337953098851,103.6900763285045,kml_1
No. of Dengue Cases : 1,No. of Dengue Cases : 1,04/05/2018,20180328124113,D4148678CCD2A423,1,1.31288870117682,103.7655561305435,kml_2
No. of Dengue Cases : 1,No. of Dengue Cases : 1,04/05/2018,20180328124113,1A78AA84B62D155E,1,1.343636750844405,103.754772573279,kml_3
No. of Dengue Cases : 1,No. of Dengue Cases : 1,04/06/2018,20180406124544,394CF7CE255DE0C9,1,1.3374514903567598,103.856443527475,kml_1
No. of Dengue Cases : 1,No. of Dengue Cases : 1,04/06/2018,20180406124544,B76674E851335ACD,1,1.337451472666855,103.8582406442035,kml_2
No. of Dengue Cases : 1,No. of Dengue Cases : 1,04/06/2018,20180406124544,6C60590E03700185,1,1.2868071336207598,103.81870436718,kml_3
No. of Dengue Cases : 1,No. of Dengue Cases : 1,04/06/2018,20180406124544,B3AF29E977345161,1,1.30851185510897,103.852849067817,kml_4
No. of Dengue Cases : 1,No. of Dengue Cases : 1,04/06/2018,20180406124544,9F7DDAF6CFB112F9,1,1.32298168928352,103.85284918026551,kml_5
No. of Dengue Cases : 1,No. of Dengue Cases : 1,04/06/2018,20180406124544,1CB15D923F7D446A,1,1.32659916116924,103.8510520996405,kml_6
No. of Dengue Cases : 1,No. of Dengue Cases : 1,04/06/2018,20180406124544,9DC3D170111F380A,1,1.3880958075552,103.86363262710199,kml_7
No. of Dengue Cases : 1,No. of Dengue Cases : 1,04/06/2018,20180406124743,C780A90BFBB364A5,1,1.3320242012859,103.9103568425415,kml_1
No. of Dengue Cases : 4,No. of Dengue Cases : 4,04/06/2018,20180406124743,D42CDEB3283790EC,4,1.332024144104055,103.912153953816,kml_2
No. of Dengue Cases : 1,No. of Dengue Cases : 1,04/06/2018,20180406124743,8C70B1AF0A59E5BF,1,1.33202377331844,103.922936619761,kml_3
No. of Dengue Cases : 5,No. of Dengue Cases : 5,04/06/2018,20180406124743,7ECC60941A7D1DB5,5,1.3338325002176,103.9229366851375,kml_4
No. of Dengue Cases : 1,No. of Dengue Cases : 1,04/06/2018,20180406124743,8C70B1AF0A59E5BF,1,1.33202377331844,103.922936619761,kml_5
No. of Dengue Cases : 1,No. of Dengue Cases : 1,04/06/2018,20180406124743,CA9BE60415980B03,1,1.3663883274263648,103.95169203976499,kml_6
No. of Dengue Cases : 1,No. of Dengue Cases : 1,04/06/2018,20180406124743,2AD3B64F94024B3E,1,1.4061819453499549,103.912156375766,kml_7
No. of Dengue Cases : 1,No. of Dengue Cases : 1,04/06/2018,20180406124743,CEF88E9B4494C5B6,1,1.3681993449477599,103.888792321525,kml_8
No. of Dengue Cases : 3,No. of Dengue Cases : 3,04/06/2018,20180406124941,8FB3058092E6CEBA,3,1.37000783272327,103.7683839476545,kml_1
No. of Dengue Cases : 1,No. of Dengue Cases : 1,04/06/2018,20180406124941,86B1DACA4D638F34,1,1.4315054714358,103.83667537406501,kml_2
No. of Dengue Cases : 1,No. of Dengue Cases : 1,04/06/2018,20180406124941,08FBA3A3B780A404,1,1.431505468091935,103.83847256177,kml_3
No. of Dengue Cases : 1,No. of Dengue Cases : 1,04/06/2018,20180406124941,9DD0C8BAC830A5B1,1,1.429696103300195,103.7791654171845,kml_4
No. of Dengue Cases : 1,No. of Dengue Cases : 1,04/06/2018,20180406124941,EE45BB0879C51E1A,1,1.44235745674052,103.7917454880125,kml_5
No. of Dengue Cases : 1,No. of Dengue Cases : 1,04/06/2018,20180406125244,3E950884D14B8BF5,1,1.3302137397882001,103.9534874004195,kml_1
No. of Dengue Cases : 1,No. of Dengue Cases : 1,04/06/2018,20180406125244,03B9BFD90D23F43A,1,1.31031935565461,103.91395036539299,kml_2
No. of Dengue Cases : 2,No. of Dengue Cases : 2,04/06/2018,20180406125244,2363399509CDF988,2,1.31031891650102,103.92653003226249,kml_3
No. of Dengue Cases : 1,No. of Dengue Cases : 1,04/06/2018,20180406125343,485D4033D7FCAFD8,1,1.344682240672325,103.689311386775,kml_1
No. of Dengue Cases : 2,No. of Dengue Cases : 2,04/06/2018,20180406125343,AA11BE633ADBBED6,2,1.3446823466993,103.691108503292,kml_2
No. of Dengue Cases : 1,No. of Dengue Cases : 1,04/06/2018,20180406125343,7B4782B075D92A7F,1,1.31212849443588,103.766588375899,kml_3
No. of Dengue Cases : 1,No. of Dengue Cases : 1,04/06/2018,20180406125343,1F771C1ECA7A43F9,1,1.34287362334406,103.6911086079075,kml_4
No. of Dengue Cases : 1,No. of Dengue Cases : 1,04/06/2018,20180406125343,2DA8AACFE368F302,1,1.3428765497139201,103.75580483495,kml_5
No. of Dengue Cases : 1,No. of Dengue Cases : 1,04/09/2018,20180409103541,97F0ECC9E4273A58,1,1.28680712261324,103.8169072864995,kml_1
No. of Dengue Cases : 1,No. of Dengue Cases : 1,04/09/2018,20180409103541,81A0D3D0387B0EE4,1,1.335642829926655,103.84745793319,kml_2
No. of Dengue Cases : 1,No. of Dengue Cases : 1,04/09/2018,20180409103541,7816314EAB26415A,1,1.3772436224442401,103.8402695894885,kml_3
No. of Dengue Cases : 1,No. of Dengue Cases : 1,04/09/2018,20180409103541,1F570B375AAB6F0C,1,1.3971388510679148,103.8941844741545,kml_4
No. of Dengue Cases : 1,No. of Dengue Cases : 1,04/09/2018,20180406124544,B76674E851335ACD,1,1.337451472666855,103.8582406442035,kml_5
No. of Dengue Cases : 1,No. of Dengue Cases : 1,04/09/2018,20180406124544,6C60590E03700185,1,1.2868071336207598,103.81870436718,kml_6
No. of Dengue Cases : 1,No. of Dengue Cases : 1,04/09/2018,20180406124544,B3AF29E977345161,1,1.30851185510897,103.852849067817,kml_7
No. of Dengue Cases : 1,No. of Dengue Cases : 1,04/09/2018,20180406124544,9F7DDAF6CFB112F9,1,1.32298168928352,103.85284918026551,kml_8
No. of Dengue Cases : 1,No. of Dengue Cases : 1,04/09/2018,20180406124544,1CB15D923F7D446A,1,1.32659916116924,103.8510520996405,kml_9
No. of Dengue Cases : 1,No. of Dengue Cases : 1,04/09/2018,20180406124544,9DC3D170111F380A,1,1.3880958075552,103.86363262710199,kml_10
No. of Dengue Cases : 3,No. of Dengue Cases : 3,04/09/2018,20180409103641,D42CDEB337426F20,3,1.332024144104055,103.912153953816,kml_1
No. of Dengue Cases : 2,No. of Dengue Cases : 2,04/09/2018,20180409103641,8C70B1AF8D905195,2,1.33202377331844,103.922936619761,kml_2
No. of Dengue Cases : 4,No. of Dengue Cases : 4,04/09/2018,20180409103641,7ECC6094D1EA8C6C,4,1.3338325002176,103.9229366851375,kml_3
No. of Dengue Cases : 1,No. of Dengue Cases : 1,04/09/2018,20180409103641,11DE73FA32DF7F78,1,1.35734461420145,103.95348872614699,kml_4
No. of Dengue Cases : 1,No. of Dengue Cases : 1,04/09/2018,20180406124743,8C70B1AF0A59E5BF,1,1.33202377331844,103.922936619761,kml_5
No. of Dengue Cases : 1,No. of Dengue Cases : 1,04/09/2018,20180406124743,CA9BE60415980B03,1,1.3663883274263648,103.95169203976499,kml_6
No. of Dengue Cases : 1,No. of Dengue Cases : 1,04/09/2018,20180406124743,CEF88E9B4494C5B6,1,1.3681993449477599,103.888792321525,kml_7
No. of Dengue Cases : 1,No. of Dengue Cases : 1,04/09/2018,20180409103740,47EB7721948E5A14,1,1.3700078810659049,103.7701810873815,kml_1
No. of Dengue Cases : 3,No. of Dengue Cases : 3,04/09/2018,20180406124941,8FB3058092E6CEBA,3,1.37000783272327,103.7683839476545,kml_2
No. of Dengue Cases : 1,No. of Dengue Cases : 1,04/09/2018,20180406124941,86B1DACA4D638F34,1,1.4315054714358,103.83667537406501,kml_3
No. of Dengue Cases : 1,No. of Dengue Cases : 1,04/09/2018,20180406124941,08FBA3A3B780A404,1,1.431505468091935,103.83847256177,kml_4
No. of Dengue Cases : 1,No. of Dengue Cases : 1,04/09/2018,20180406124941,08FBA3A3B780A404,1,1.431505468091935,103.83847256177,kml_5
No. of Dengue Cases : 1,No. of Dengue Cases : 1,04/09/2018,20180406124941,9DD0C8BAC830A5B1,1,1.429696103300195,103.7791654171845,kml_6
No. of Dengue Cases : 1,No. of Dengue Cases : 1,04/09/2018,20180406124941,EE45BB0879C51E1A,1,1.44235745674052,103.7917454880125,kml_7
No. of Dengue Cases : 1,No. of Dengue Cases : 1,04/09/2018,20180409103840,809A8FC9B88AB3C0,1,1.3121285079332852,103.899573646043,kml_1
No. of Dengue Cases : 2,No. of Dengue Cases : 2,04/09/2018,20180406125244,2363399509CDF988,2,1.31031891650102,103.92653003226249,kml_2
No. of Dengue Cases : 1,No. of Dengue Cases : 1,04/09/2018,20180406125343,485D4033D7FCAFD8,1,1.344682240672325,103.689311386775,kml_1
No. of Dengue Cases : 2,No. of Dengue Cases : 2,04/09/2018,20180406125343,AA11BE633ADBBED6,2,1.3446823466993,103.691108503292,kml_2
No. of Dengue Cases : 1,No. of Dengue Cases : 1,04/09/2018,20180406125343,1F771C1ECA7A43F9,1,1.34287362334406,103.6911086079075,kml_3
