OBJECTID_1,Join_Count,TARGET_FID,OBJECTID,SUBZONE_NO,SUBZONE_N,SUBZONE_C,CA_IND,PLN_AREA_N,PLN_AREA_C,REGION_N,REGION_C,INC_CRC,FMEL_UPD_D,X_ADDR,Y_ADDR,SHAPE_Leng,Year_,Town,Address,Latitude,Longitude,resale_psf,resale_mean,resale_median,Shape__Area,Shape__Length
1,0,0,1,2,PEOPLE'S PARK,OTSZ02,Y,OUTRAM,OT,CENTRAL REGION,CR,B4120D23006C932A,5/11/2016 12:00:00 AM,28831.7807,29419.6457,1822.1927178,,,,,,,,,93140.4319460988,1822.19278629805
2,5,1,2,2,BUKIT MERAH,BMSZ02,N,BUKIT MERAH,BM,CENTRAL REGION,CR,1C51019439A68700,5/11/2016 12:00:00 AM,26360.799,29384.1429,3074.96323452,2017,BUKIT MERAH,115 BT MERAH CTRL,1.2841878,103.8145673,5282.051282,5143.4294872,5281.25,411722.790953219,3074.96321776824
3,52,2,3,3,CHINATOWN,OTSZ03,Y,OUTRAM,OT,CENTRAL REGION,CR,0FF1661344C84AED,5/11/2016 12:00:00 AM,29153.9676,29158.0443,4297.59991003,2017,CENTRAL AREA,1C CANTONMENT RD,1.2774176,103.8414964,9263.157895,8895.66346890385,9005.712366,587222.684616625,4297.6000855978
4,0,3,4,4,PHILLIP,DTSZ04,Y,DOWNTOWN CORE,DT,CENTRAL REGION,CR,615D4EDDEF809F8E,5/11/2016 12:00:00 AM,29706.7242,29744.9079,871.554887798,,,,,,,,,39437.9332569242,871.55496108204
5,0,4,5,5,RAFFLES PLACE,DTSZ05,Y,DOWNTOWN CORE,DT,CENTRAL REGION,CR,72107B11807074F4,5/11/2016 12:00:00 AM,29968.6175,29572.7618,1872.7521612,,,,,,,,,188767.495992482,1872.75231398981
6,0,5,6,4,CHINA SQUARE,OTSZ04,Y,OUTRAM,OT,CENTRAL REGION,CR,B609DF5587626C8F,5/11/2016 12:00:00 AM,29509.6437,29646.4495,1605.27969734,,,,,,,,,133006.941087902,1605.27970117228
7,71,6,7,10,TIONG BAHRU,BMSZ10,N,BUKIT MERAH,BM,CENTRAL REGION,CR,A0FB4B68155D164A,5/11/2016 12:00:00 AM,27785.672,29590.3951,3303.21489952,2017,BUKIT MERAH,131 JLN BT MERAH,1.2802187,103.828283,4615.384615,7723.82411898592,8000,448127.618654251,3303.21493413246
8,0,7,8,12,BAYFRONT SUBZONE,DTSZ12,Y,DOWNTOWN CORE,DT,CENTRAL REGION,CR,197F5E664DA4D5E1,5/11/2016 12:00:00 AM,30806.2418,29530.167,2897.12642569,,,,,,,,,521200.516017735,2897.12634893505
9,63,8,9,4,TIONG BAHRU STATION,BMSZ04,N,BUKIT MERAH,BM,CENTRAL REGION,CR,91FFE927ABE3E4DB,5/11/2016 12:00:00 AM,27277.4698,29607.0237,2506.6879191,2017,BUKIT MERAH,38 KIM PONG RD,1.284368,103.829116,6988.636364,7661.31240403175,7733.333333,350787.560448647,2506.68789513815
10,0,9,10,6,CLIFFORD PIER,DTSZ06,Y,DOWNTOWN CORE,DT,CENTRAL REGION,CR,945CC212CA80626F,5/11/2016 12:00:00 AM,30379.5041,29776.4334,2405.99092471,,,,,,,,,261843.904810488,2405.99093021574
11,0,10,11,1,MARINA SOUTH,MSSZ01,Y,MARINA SOUTH,MS,CENTRAL REGION,CR,5ED7EB253F99252E,5/11/2016 12:00:00 AM,31595.8357,29220.1873,5267.3810236,,,,,,,,,1630379.25277585,5267.38110733606
12,4,11,12,1,PEARL'S HILL,OTSZ01,Y,OUTRAM,OT,CENTRAL REGION,CR,8C7149B9EB32EEFC,5/11/2016 12:00:00 AM,28679.0634,29782.0519,3506.1073755,2017,CENTRAL AREA,53 CHIN SWEE RD,1.2877167,103.8413133,6623.376623,5513.08797775,5450.3367005,559816.234467983,3506.10775117308
13,0,12,13,3,BOAT QUAY,SRSZ03,Y,SINGAPORE RIVER,SR,CENTRAL REGION,CR,C35FEFF02B13E0E5,5/11/2016 12:00:00 AM,29654.9594,29974.6553,1740.92576616,,,,,,,,,160807.479567349,1740.92574250447
14,28,13,14,8,HENDERSON HILL,BMSZ08,N,BUKIT MERAH,BM,CENTRAL REGION,CR,3775D82C5DDBEFBD,5/11/2016 12:00:00 AM,26782.8261,29933.7651,3313.62490378,2017,BUKIT MERAH,119 BT MERAH VIEW,1.2835678,103.8208789,5615.384615,5519.43753789286,5538.461538,595428.903386652,3313.62490209646
15,39,14,15,3,REDHILL,BMSZ03,N,BUKIT MERAH,BM,CENTRAL REGION,CR,85D9ABEF0A40678F,5/11/2016 12:00:00 AM,26201.958,30005.7035,2825.59409872,2017,BUKIT MERAH,73A REDHILL RD,1.287867,103.81674,7700,7218.37863951282,7286.956522,387429.446431041,2825.59418950643
16,34,15,16,7,ALEXANDRA HILL,BMSZ07,N,BUKIT MERAH,BM,CENTRAL REGION,CR,9D286521EF5E3B59,5/11/2016 12:00:00 AM,25358.8208,29991.3842,4428.91343557,2017,BUKIT MERAH,28 HOY FATT RD,1.2865859,103.8100471,5500,5828.80108817647,5542.200855,1030378.768547,4428.91354504166
17,42,16,17,9,BUKIT HO SWEE,BMSZ09,N,BUKIT MERAH,BM,CENTRAL REGION,CR,7839A8577144EFE2,5/11/2016 12:00:00 AM,27680.0627,30230.861,3275.31248846,2017,BUKIT MERAH,54 HAVELOCK RD,1.2893349,103.8292114,8333.333333,6744.11153366667,6184.3365255,551732.035681307,3275.31230936319
18,0,17,18,2,CLARKE QUAY,SRSZ02,Y,SINGAPORE RIVER,SR,CENTRAL REGION,CR,48661DC0FBA09F7A,5/11/2016 12:00:00 AM,29253.2073,30222.8645,2208.61929874,,,,,,,,,290184.65627104,2208.6194192834
19,40,18,19,15,TELOK BLANGAH RISE,BMSZ15,N,BUKIT MERAH,BM,CENTRAL REGION,CR,92F3596780DFCCEA,5/11/2016 12:00:00 AM,27029.9638,28501.6649,3713.83818129,2017,BUKIT MERAH,112 BT PURMEI RD,1.2745295,103.8259281,5675.675676,5142.396805125,5033.3333335,533671.271853864,3713.83819302772
20,0,19,20,9,TANJONG PAGAR,DTSZ09,Y,DOWNTOWN CORE,DT,CENTRAL REGION,CR,4FFE6642FB35D40A,5/11/2016 12:00:00 AM,29397.831,28706.3515,1787.71045089,,,,,,,,,145518.668978333,1787.71044228557
21,35,20,21,16,EVERTON PARK,BMSZ16,N,BUKIT MERAH,BM,CENTRAL REGION,CR,CF9CAD50B0D9A528,5/11/2016 12:00:00 AM,28333.5771,28602.9926,3776.68338771,2017,BUKIT MERAH,13 CANTONMENT CL,1.2746874,103.8404881,7483.333333,7028.90752405714,7272.727273,635704.03698957,3776.683290463
22,54,21,22,14,TELOK BLANGAH WAY,BMSZ14,N,BUKIT MERAH,BM,CENTRAL REGION,CR,0F0735F1BDDF53C7,5/11/2016 12:00:00 AM,26570.5173,28871.8922,2290.22726176,2017,BUKIT MERAH,7 TELOK BLANGAH CRES,1.2784398,103.8194072,7000,5264.40971944444,5119.2959585,276826.811223328,2290.22732652194
23,0,22,23,7,MAXWELL,DTSZ07,Y,DOWNTOWN CORE,DT,CENTRAL REGION,CR,CB2D9FC5CAB792B1,5/11/2016 12:00:00 AM,29392.0478,29096.7539,1419.80185707,,,,,,,,,63664.9717085361,1419.801891394
24,0,23,24,8,CECIL,DTSZ08,Y,DOWNTOWN CORE,DT,CENTRAL REGION,CR,65AA82AF6F4D925D,5/11/2016 12:00:00 AM,29730.1983,29011.3284,2116.09466694,,,,,,,,,196619.861371517,2116.09440584098
25,33,24,25,11,KAMPONG TIONG BAHRU,BMSZ11,N,BUKIT MERAH,BM,CENTRAL REGION,CR,CF28DD4E7898CC7B,5/11/2016 12:00:00 AM,27335.8305,28979.7731,3304.06046472,2017,BUKIT MERAH,146 JLN BT MERAH,1.277938,103.8309096,5074.626866,5093.80226790909,5084.745763,365333.391444147,3304.0603677969
26,95,25,26,13,TELOK BLANGAH DRIVE,BMSZ13,N,BUKIT MERAH,BM,CENTRAL REGION,CR,54A4BD5ABBBDC5A8,5/11/2016 12:00:00 AM,25280.2612,28791.4606,5317.78168432,2017,BUKIT MERAH,80C TELOK BLANGAH ST 31,1.2741351,103.807535,8132.352941,6472.08217701053,5909.090909,1454827.66187751,5317.78164070083
27,0,26,27,14,PASIR PANJANG 2,QTSZ14,N,QUEENSTOWN,QT,CENTRAL REGION,CR,C6E665749CEADED6,5/11/2016 12:00:00 AM,23692.6385,28894.4099,5797.23131893,,,,,,,,,853206.526845336,5797.23177289353
28,0,27,28,13,PASIR PANJANG 1,QTSZ13,N,QUEENSTOWN,QT,CENTRAL REGION,CR,1F721290C421BFAB,5/11/2016 12:00:00 AM,22077.3383,29893.7812,6571.32308202,,,,,,,,,1084792.3283897,6571.32303070301
29,0,28,29,7,QUEENSWAY,QTSZ07,N,QUEENSTOWN,QT,CENTRAL REGION,CR,3580D2AFFBEE914C,5/11/2016 12:00:00 AM,24168.3106,30104.1768,3454.23928341,,,,,,,,,631644.29537195,3454.23934929496
30,0,29,30,12,KENT RIDGE,QTSZ12,N,QUEENSTOWN,QT,CENTRAL REGION,CR,601BA309A1AAC731,5/11/2016 12:00:00 AM,23464.8409,29725.3706,7439.5476563,,,,,,,,,1826848.55910075,7439.54813675125
31,0,30,31,6,ALEXANDRA NORTH,BMSZ06,N,BUKIT MERAH,BM,CENTRAL REGION,CR,4DC4BF8D86594CBF,5/11/2016 12:00:00 AM,26548.2507,30519.3922,2907.05146074,,,,,,,,,293706.416899323,2907.05142280386
32,0,31,32,1,MARINA EAST,MESZ01,Y,MARINA EAST,ME,CENTRAL REGION,CR,782A2FAF53029A34,5/11/2016 12:00:00 AM,32344.0489,30103.2495,6470.94964274,,,,,,,,,1844060.64454985,6470.94979008959
33,0,32,33,5,INSTITUTION HILL,RVSZ05,Y,RIVER VALLEY,RV,CENTRAL REGION,CR,C3C22D1EE31757BD,5/11/2016 12:00:00 AM,28465.3999,30711.2179,2842.52550488,,,,,,,,,392563.339700341,2842.52554972838
34,0,33,34,1,ROBERTSON QUAY,SRSZ01,Y,SINGAPORE RIVER,SR,CENTRAL REGION,CR,DF71BB5EC3C9FFD1,5/11/2016 12:00:00 AM,28416.8477,30409.3607,4995.75811436,,,,,,,,,506588.958492458,4995.75834945117
35,0,34,35,1,JURONG ISLAND AND BUKOM,WISZ01,N,WESTERN ISLANDS,WI,WEST REGION,WR,699F7210FBF1AFA8,5/11/2016 12:00:00 AM,13012.8805,27225.8674,68083.9364708,,,,,,,,,36707719.4708633,68083.8872909487
36,0,35,36,3,SUDONG,WISZ03,N,WESTERN ISLANDS,WI,WEST REGION,WR,F718C723E08FBD51,5/11/2016 12:00:00 AM,15931.7586,19579.069,24759.0657973,,,,,,,,,4207271.09722868,24759.0647159385
37,0,36,37,2,SEMAKAU,WISZ02,N,WESTERN ISLANDS,WI,WEST REGION,WR,E69207D4F76DEEA3,5/11/2016 12:00:00 AM,21206.3338,20465.8075,18703.6811404,,,,,,,,,4963787.10573769,18703.6760987404
38,0,37,38,2,SOUTHERN GROUP,SISZ02,N,SOUTHERN ISLANDS,SI,CENTRAL REGION,CR,5809FC547293EA2D,5/11/2016 12:00:00 AM,29815.09,23412.5866,25626.9771897,,,,,,,,,2206319.20235205,25612.9719960404
39,0,38,39,1,SENTOSA,SISZ01,N,SOUTHERN ISLANDS,SI,CENTRAL REGION,CR,A6FCDC9C447952CB,5/11/2016 12:00:00 AM,27593.9393,25813.3546,17496.1937369,,,,,,,,,4919132.37099147,17496.1923168067
40,0,39,40,17,CITY TERMINALS,BMSZ17,N,BUKIT MERAH,BM,CENTRAL REGION,CR,9711879901A8487F,5/11/2016 12:00:00 AM,28387.3388,27536.5671,16805.6555023,,,,,,,,,3449640.64054298,16805.6556348293
41,0,40,41,10,ANSON,DTSZ10,Y,DOWNTOWN CORE,DT,CENTRAL REGION,CR,4893F02202845C1D,5/11/2016 12:00:00 AM,29145.35,28466.7783,1586.10005898,,,,,,,,,103238.48197782,1586.09988817866
42,0,41,42,1,STRAITS VIEW,SVSZ01,Y,STRAITS VIEW,SV,CENTRAL REGION,CR,21451799CA1AB6EF,5/11/2016 12:00:00 AM,30832.9017,28194.0843,5277.76082729,,,,,,,,,1127297.20767957,5277.76135984039
43,0,42,43,1,MARITIME SQUARE,BMSZ01,N,BUKIT MERAH,BM,CENTRAL REGION,CR,C1AC31ABF9978DDB,5/11/2016 12:00:00 AM,25805.7867,27911.4193,13737.116181,,,,,,,,,2701634.63554573,13737.1223664913
44,0,43,44,11,CENTRAL SUBZONE,DTSZ11,Y,DOWNTOWN CORE,DT,CENTRAL REGION,CR,8EFE9EC1AEF2DA0A,5/11/2016 12:00:00 AM,30125.8367,28683.0399,5002.01615114,,,,,,,,,1070723.26861423,5002.01610739767
45,0,44,45,5,SINGAPORE GENERAL HOSPITAL,BMSZ05,N,BUKIT MERAH,BM,CENTRAL REGION,CR,91630902E00FD7B9,5/11/2016 12:00:00 AM,28147.221,29131.0368,2915.28204786,,,,,,,,,533017.378867567,2915.28197539525
46,1,45,46,12,DEPOT ROAD,BMSZ12,N,BUKIT MERAH,BM,CENTRAL REGION,CR,102DDFE3D40A95C9,5/11/2016 12:00:00 AM,25244.2071,29407.094,4281.17268085,2017,BUKIT MERAH,104B DEPOT RD,1.2812183,103.8121144,5800,5800,5800,442502.847036362,4281.17237841843
47,0,46,47,4,EAST COAST,MPSZ04,N,MARINE PARADE,MP,CENTRAL REGION,CR,768CE19AACFCB9EB,5/11/2016 12:00:00 AM,36386.5261,31338.9016,5333.00867129,,,,,,,,,591778.997861743,5333.00875108071
48,0,47,48,11,NATIONAL UNIVERSITY OF S'PORE,QTSZ11,N,QUEENSTOWN,QT,CENTRAL REGION,CR,247B3009E9665A6E,5/11/2016 12:00:00 AM,21688.9243,30930.1213,5625.41689089,,,,,,,,,1755950.45581627,5625.41699295547
49,0,48,49,1,ONE TREE HILL,RVSZ01,Y,RIVER VALLEY,RV,CENTRAL REGION,CR,0FF5E50B9581D2BE,5/11/2016 12:00:00 AM,27315.5592,31563.7968,2464.41309401,,,,,,,,,340743.351330876,2464.41319921032
50,0,49,50,4,ROCHOR CANAL,RCSZ04,Y,ROCHOR,RC,CENTRAL REGION,CR,6DFA7E9068F7B4CE,5/11/2016 12:00:00 AM,30693.783,31819.1316,1686.00945279,,,,,,,,,120171.317846298,1686.00944366939
51,0,50,51,9,CRAWFORD,KLSZ09,N,KALLANG,KL,CENTRAL REGION,CR,97A1E6DEEC6C442D,5/11/2016 12:00:00 AM,31396.8906,31457.287,4634.78429572,,,,,,,,,850853.90377605,4634.7840965372
52,17,51,52,5,MARGARET DRIVE,QTSZ05,N,QUEENSTOWN,QT,CENTRAL REGION,CR,F7ADADFB700DFB84,5/11/2016 12:00:00 AM,25202.7614,31065.9731,5969.64503933,2017,QUEENSTOWN,61A STRATHMORE AVE,1.2934956,103.8116289,7291.666667,7769.24873964706,7835.051546,1026467.40998662,5969.6450057041
53,0,52,53,1,TANGLIN,ORSZ01,Y,ORCHARD,OR,CENTRAL REGION,CR,876C892801F74239,5/11/2016 12:00:00 AM,27162.8757,31905.7324,1864.48866532,,,,,,,,,167537.056919813,1864.48847712345
54,25,53,54,3,MARINE PARADE,MPSZ03,N,MARINE PARADE,MP,CENTRAL REGION,CR,44613908A004F20C,5/11/2016 12:00:00 AM,36263.9827,31684.2656,6019.27909596,2017,MARINE PARADE,32 MARINE CRES,1.3031148,103.9117708,5769.230769,6097.03456232,6153.846154,1160017.48757565,6019.27918818102
55,14,54,55,4,TANGLIN HALT,QTSZ04,N,QUEENSTOWN,QT,CENTRAL REGION,CR,5903D38684211B10,5/11/2016 12:00:00 AM,23925.4408,31512.7857,3556.22909388,2017,QUEENSTOWN,90 TANGLIN HALT RD,1.3006381,103.7990313,8333.333333,8010.13920728572,8208.55615,503220.760996699,3556.22904925544
56,0,55,56,6,MACKENZIE,RCSZ06,Y,ROCHOR,RC,CENTRAL REGION,CR,D51BAF9568A828F4,5/11/2016 12:00:00 AM,29680.0182,32062.9263,1216.48063087,,,,,,,,,55681.2881917953,1216.48045534739
57,5,56,57,3,SUNGEI ROAD,RCSZ03,Y,ROCHOR,RC,CENTRAL REGION,CR,31DE89B5FC57F46A,5/11/2016 12:00:00 AM,30601.3445,32003.1028,1727.96350256,2017,CENTRAL AREA,28 KELANTAN RD,1.3059994,103.8572918,5784.615385,5728.1029894,5769.230769,116329.992776632,1727.96336439238
58,0,57,58,8,ONE NORTH,QTSZ08,N,QUEENSTOWN,QT,CENTRAL REGION,CR,D437A9A68F04D2D4,5/11/2016 12:00:00 AM,23299.2437,31176.1605,6591.90791444,,,,,,,,,2051652.61196947,6591.9076604891
59,13,58,59,5,TANJONG RHU,KLSZ05,N,KALLANG,KL,CENTRAL REGION,CR,928DCE8E44F904C8,5/11/2016 12:00:00 AM,32740.1208,31438.3084,6515.75857503,2017,KALLANG/WHAMPOA,5 JLN BATU,1.3015525,103.8839963,5500,5433.64731530769,5583.333333,2434594.01327693,6515.75857955245
60,0,59,60,1,MOUNTBATTEN,MPSZ01,N,MARINE PARADE,MP,CENTRAL REGION,CR,A9F9036C2E4F7623,5/11/2016 12:00:00 AM,34449.7044,31557.7446,5430.26706103,,,,,,,,,1713623.03813994,5430.26714779106
61,0,60,61,3,COMMONWEALTH,QTSZ03,N,QUEENSTOWN,QT,CENTRAL REGION,CR,2423D1D91E730899,5/11/2016 12:00:00 AM,24278.7709,31919.97,2713.42997115,,,,,,,,,310513.649237871,2713.4300739334
62,30,61,62,10,DOVER,QTSZ10,N,QUEENSTOWN,QT,CENTRAL REGION,CR,D79DDCEC02F8DF37,5/11/2016 12:00:00 AM,22015.5324,31800.5247,5637.72200807,2017,QUEENSTOWN,28B DOVER CRES,1.3053608,103.7819406,7608.695652,6764.5683071,6893.314367,1386643.28922433,5637.72184175506
63,0,62,63,2,BOULEVARD,ORSZ02,Y,ORCHARD,OR,CENTRAL REGION,CR,B26DFAF98B8F3E52,5/11/2016 12:00:00 AM,27916.9271,31967.0064,4109.23134961,,,,,,,,,460550.453853011,4109.23158119442
64,0,63,64,6,ISTANA NEGARA,NTSZ06,Y,NEWTON,NT,CENTRAL REGION,CR,A2FE23F6A19B509D,5/11/2016 12:00:00 AM,29226.8284,31963.2894,3730.3410543,,,,,,,,,543483.664225578,3730.3413822662
65,6,64,65,2,LITTLE INDIA,RCSZ02,Y,ROCHOR,RC,CENTRAL REGION,CR,BEC03B4580EB622F,5/11/2016 12:00:00 AM,30307.5102,32122.9908,2203.28025819,2017,CENTRAL AREA,635 VEERASAMY RD,1.3067255,103.8552195,5069.444444,5215.650023,5229.1666665,278303.536779761,2203.28023382895
66,0,65,66,4,GUL BASIN,PNSZ04,N,PIONEER,PN,WEST REGION,WR,482D973AA378FFF0,5/11/2016 12:00:00 AM,10327.4233,31746.7616,9465.2221829,,,,,,,,,1769495.12421376,9465.22203954373
67,0,66,67,3,RIDOUT,TNSZ03,N,TANGLIN,TN,CENTRAL REGION,CR,664D9D93F09E7CD1,5/11/2016 12:00:00 AM,25568.3077,31752.6686,6450.97287923,,,,,,,,,1951865.77032202,6450.97302096728
68,0,67,68,4,CAIRNHILL,NTSZ04,Y,NEWTON,NT,CENTRAL REGION,CR,8B79CA72836AD7A6,5/11/2016 12:00:00 AM,28482.6672,32108.1919,3853.9004233,,,,,,,,,452471.830501139,3853.90044972355
69,44,68,69,8,CLEMENTI WEST,CLSZ08,N,CLEMENTI,CL,WEST REGION,WR,22F5FFEEEB8E5284,5/11/2016 12:00:00 AM,20184.3508,31651.8834,5211.86752843,2017,CLEMENTI,714 CLEMENTI WEST ST 2,1.3041378,103.7618194,4522.38806,4302.59349025,4259.2186125,697501.691941261,5211.86750123674
70,0,69,70,6,TUAS VIEW EXTENSION,TSSZ06,N,TUAS,TS,WEST REGION,WR,D2A66C8A6232EA9A,5/11/2016 12:00:00 AM,5092.8949,26137.8735,54928.0938742,,,,,,,,,27710949.9807362,54928.0942041109
71,0,70,71,5,MONK'S HILL,NTSZ05,Y,NEWTON,NT,CENTRAL REGION,CR,23972F8A61891E05,5/11/2016 12:00:00 AM,28922.8456,32259.7856,2446.73341643,,,,,,,,,171720.618474007,2446.73333772505
72,0,71,72,7,SIGLAP,BDSZ07,N,BEDOK,BD,EAST REGION,ER,9483FA426FD007AE,5/11/2016 12:00:00 AM,38435.4679,32101.8812,5436.89053335,,,,,,,,,1097833.68737185,5436.89038706129
73,75,72,73,7,CLEMENTI WOODS,CLSZ07,N,CLEMENTI,CL,WEST REGION,WR,F01FB50693FE0377,5/11/2016 12:00:00 AM,20764.198,31824.7421,5275.7493598,2017,CLEMENTI,418 CLEMENTI AVE 1,1.310137,103.770134,8071.428571,6403.17323646667,7106.19469,1053493.75922912,5275.74943981753
74,0,73,74,2,FORT CANNING,MUSZ02,Y,MUSEUM,MU,CENTRAL REGION,CR,B3E02024E600E8BA,5/11/2016 12:00:00 AM,29413.9718,30713.0723,2585.22940432,,,,,,,,,385093.118754089,2585.22954036948
75,0,74,75,5,MARINA EAST (MP),MPSZ05,N,MARINE PARADE,MP,CENTRAL REGION,CR,1575868DF0D30E32,5/11/2016 12:00:00 AM,33715.6975,30512.2476,6657.15139269,,,,,,,,,1590339.76720941,6657.15115545767
76,0,75,76,3,MARINA CENTRE,DTSZ03,Y,DOWNTOWN CORE,DT,CENTRAL REGION,CR,2AB099523A1AEAD5,5/11/2016 12:00:00 AM,30938.0985,30471.8267,4047.11116872,,,,,,,,,886954.809414327,4047.11130001282
77,0,76,77,3,SOMERSET,ORSZ03,Y,ORCHARD,OR,CENTRAL REGION,CR,F70C32D861DD6CA5,5/11/2016 12:00:00 AM,28626.5611,31494.9048,3039.80523249,,,,,,,,,329437.9321661,3039.80546061566
78,6,77,78,9,BENCOOLEN,RCSZ09,Y,ROCHOR,RC,CENTRAL REGION,CR,CF8BBFA03E1B0246,5/11/2016 12:00:00 AM,29999.0626,31594.594,1916.09754822,2017,CENTRAL AREA,8 SELEGIE RD,1.3030749,103.8505429,5678.571429,5996.38439516667,5913.4906235,170664.310591817,1916.09744507202
79,0,78,79,2,CHATSWORTH,TNSZ02,N,TANGLIN,TN,CENTRAL REGION,CR,06B9FD8607810069,5/11/2016 12:00:00 AM,26896.4019,31045.0187,5469.44109516,,,,,,,,,1346152.73024917,5469.44104588147
80,0,79,80,5,PIONEER SECTOR,PNSZ05,N,PIONEER,PN,WEST REGION,WR,F3241D6C0FEF13ED,5/11/2016 12:00:00 AM,8872.7501,31423.4434,8489.98257786,,,,,,,,,2796006.45005035,8489.98459570078
81,0,80,81,10,PENJURU CRESCENT,JESZ10,N,JURONG EAST,JE,WEST REGION,WR,BC263278706376DE,5/11/2016 12:00:00 AM,17651.309,31799.6102,9876.04909187,,,,,,,,,3049719.97749639,9876.0504690694
82,0,81,82,1,ORANGE GROVE,NTSZ01,Y,NEWTON,NT,CENTRAL REGION,CR,136BF08C36E3A625,5/11/2016 12:00:00 AM,27668.1841,32484.764,2476.24629755,,,,,,,,,336221.488204956,2476.24649585372
83,2,82,83,4,KAMPONG BUGIS,KLSZ04,N,KALLANG,KL,CENTRAL REGION,CR,0524461C92F35D94,5/11/2016 12:00:00 AM,32138.2216,32275.6907,4018.1276215,2017,KALLANG/WHAMPOA,114 LOR 3 GEYLANG,1.3116006,103.8740823,5371.900826,5064.455086,5064.455086,741438.029129863,4018.12740980765
84,0,83,84,5,KAMPONG GLAM,RCSZ05,Y,ROCHOR,RC,CENTRAL REGION,CR,DCC789993ED54477,5/11/2016 12:00:00 AM,30934.989,31623.1483,1681.62699512,,,,,,,,,171334.400070846,1681.62702643687
85,0,84,85,8,SELEGIE,RCSZ08,Y,ROCHOR,RC,CENTRAL REGION,CR,E8FA232C5BEEA956,5/11/2016 12:00:00 AM,29817.3304,31611.0039,1478.0499695,,,,,,,,,49626.0115178823,1478.04993322452
86,0,85,86,7,MOUNT EMILY,RCSZ07,Y,ROCHOR,RC,CENTRAL REGION,CR,D8225E737A6496B4,5/11/2016 12:00:00 AM,29583.2555,31639.481,2301.23030004,,,,,,,,,193992.349542201,2301.23059504176
87,0,86,87,1,JOO KOON,PNSZ01,N,PIONEER,PN,WEST REGION,WR,B1041F5E831D2636,5/11/2016 12:00:00 AM,10883.9466,34203.6959,8601.20281636,,,,,,,,,2349378.18341538,8601.20277563004
88,0,87,88,1,KALLANG WAY,GLSZ01,N,GEYLANG,GL,CENTRAL REGION,CR,C96E4D530743AF4C,5/11/2016 12:00:00 AM,32761.4923,34229.7192,4055.20272344,,,,,,,,,963198.890169621,4055.20278468481
89,0,88,89,6,INTERNATIONAL BUSINESS PARK,JESZ06,N,JURONG EAST,JE,WEST REGION,WR,98C98587CD02475A,5/11/2016 12:00:00 AM,18514.5995,34285.7972,3024.27583667,,,,,,,,,485022.293005109,3024.27578866083
90,0,89,90,1,TUKANG,BLSZ01,N,BOON LAY,BL,WEST REGION,WR,6CCF8637EBA7EA5E,5/11/2016 12:00:00 AM,14192.4654,34209.5506,6899.99945558,,,,,,,,,1881305.83507717,6899.99951114751
91,0,90,91,6,CORONATION ROAD,BTSZ06,N,BUKIT TIMAH,BT,CENTRAL REGION,CR,5DB075FA57F73ADC,5/11/2016 12:00:00 AM,24463.149,34200.3339,5905.90419263,,,,,,,,,1425083.14193153,5905.90398129269
92,104,91,92,3,KEMBANGAN,BDSZ03,N,BEDOK,BD,EAST REGION,ER,528DB1419283465B,5/11/2016 12:00:00 AM,37158.7015,34115.9683,6785.11170732,2017,BEDOK,32 CHAI CHEE AVE,1.3237753,103.9249578,4000,4735.78070240385,4459.3406595,2387277.51194382,6785.11184060182
93,0,92,93,2,KATONG,MPSZ02,N,MARINE PARADE,MP,CENTRAL REGION,CR,55705659E2A91D11,5/11/2016 12:00:00 AM,35680.9007,32176.3506,5062.81485069,,,,,,,,,1078992.04359829,5062.81495041566
94,16,93,94,2,HOLLAND DRIVE,QTSZ02,N,QUEENSTOWN,QT,CENTRAL REGION,CR,A29DC7655F65E7B3,5/11/2016 12:00:00 AM,23711.437,32294.7721,3420.32933726,2017,QUEENSTOWN,31 HOLLAND CL,1.3070686,103.7971071,5522.38806,6193.3605585625,6016.9491525,459546.28851676,3420.32912392869
95,3,94,95,1,FARRER PARK,RCSZ01,Y,ROCHOR,RC,CENTRAL REGION,CR,710C13F4E3EDBBE6,5/11/2016 12:00:00 AM,30093.4152,32386.2107,2540.96036282,2017,CENTRAL AREA,671B KLANG LANE,1.309293,103.85259,6333.333333,5846.49859933333,5682.352941,247887.634145617,2540.96049671289
96,0,95,96,3,NEWTON CIRCUS,NTSZ03,Y,NEWTON,NT,CENTRAL REGION,CR,8B2F19EEE51EDA60,5/11/2016 12:00:00 AM,28587.1626,32653.9428,2399.40729971,,,,,,,,,213581.632101119,2399.40751075757
97,0,96,97,9,JURONG PORT,JESZ09,N,JURONG EAST,JE,WEST REGION,WR,0664CA7EF6504AE5,5/11/2016 12:00:00 AM,15250.7433,32183.916,11355.0022243,,,,,,,,,2464856.85464907,11355.0047762538
98,0,97,98,3,SAMULUN,BLSZ03,N,BOON LAY,BL,WEST REGION,WR,F78E0287D3F24214,5/11/2016 12:00:00 AM,13418.4922,32264.5933,8738.67938511,,,,,,,,,1940693.41409758,8738.68004634802
99,0,98,99,4,SHIPYARD,BLSZ04,N,BOON LAY,BL,WEST REGION,WR,274A049950D70524,5/11/2016 12:00:00 AM,11970.1428,32202.3854,6422.04211201,,,,,,,,,2118499.44057891,6422.04227143776
100,56,99,100,1,GHIM MOH,QTSZ01,N,QUEENSTOWN,QT,CENTRAL REGION,CR,00F5E30B5C9B7AD8,5/11/2016 12:00:00 AM,22899.1897,32579.9353,3223.64550359,2017,QUEENSTOWN,26 GHIM MOH LINK,1.3083268,103.7857203,7910.447761,6797.00794083928,6920.0962435,485046.887661755,3223.64574943835
101,11,100,101,6,LAVENDER,KLSZ06,N,KALLANG,KL,CENTRAL REGION,CR,A7A07F328A38B6EF,5/11/2016 12:00:00 AM,30874.4064,32569.5264,3609.15046338,2017,KALLANG/WHAMPOA,684 RACE COURSE RD,1.3142161,103.8563633,5317.460317,6175.31715809091,6031.746032,757907.607596695,3609.15044122689
102,0,101,102,2,GOODWOOD PARK,NTSZ02,Y,NEWTON,NT,CENTRAL REGION,CR,254596A2516A7DBA,5/11/2016 12:00:00 AM,28108.8807,32875.267,2798.59850101,,,,,,,,,351242.247611403,2798.5987372169
103,0,102,103,9,PANDAN,CLSZ09,N,CLEMENTI,CL,WEST REGION,WR,A6EE4A49376B69C4,5/11/2016 12:00:00 AM,19228.6033,32265.401,5689.64694413,,,,,,,,,1312922.71054429,5689.64661772081
104,0,103,104,9,SINGAPORE POLYTECHNIC,QTSZ09,N,QUEENSTOWN,QT,CENTRAL REGION,CR,8E9608C7B3B27AD7,5/11/2016 12:00:00 AM,21751.751,32627.8947,4666.97006782,,,,,,,,,946651.480794132,4666.97007153039
105,56,104,105,6,CLEMENTI CENTRAL,CLSZ06,N,CLEMENTI,CL,WEST REGION,WR,B2C4E087B443854E,5/11/2016 12:00:00 AM,20183.4496,32707.5394,3630.18922323,2017,CLEMENTI,430 CLEMENTI AVE 3,1.3133528,103.7628152,5522.38806,5986.87710475,5611.1044775,748043.282692015,3630.18912294542
106,13,105,106,7,KAMPONG JAVA,KLSZ07,N,KALLANG,KL,CENTRAL REGION,CR,B548D80BC47261CB,5/11/2016 12:00:00 AM,29891.5311,32888.5297,4344.61217096,2017,KALLANG/WHAMPOA,11 FARRER PK RD,1.3124843,103.8521055,7022.222222,6961.60622807692,7000,1022292.30553287,4344.61223786243
107,34,106,107,3,BOON KENG,KLSZ03,N,KALLANG,KL,CENTRAL REGION,CR,0D1D1759D7BC6D6C,5/11/2016 12:00:00 AM,32338.3212,33018.7607,2972.11104541,2017,KALLANG/WHAMPOA,11 UPP BOON KENG RD,1.3142619,103.8708812,5093.333333,6152.1406872353,6048.780488,410994.53459096,2972.11095304271
108,1,107,108,8,KALLANG BAHRU,KLSZ08,N,KALLANG,KL,CENTRAL REGION,CR,F605DD67E5154CFB,5/11/2016 12:00:00 AM,31579.2889,32929.5276,3710.90460199,2017,KALLANG/WHAMPOA,46 BENDEMEER RD,1.3150648,103.861527,5459.459459,5459.459459,5459.459459,839488.951985121,3710.90457177414
109,0,108,109,4,ULU PANDAN,BTSZ04,N,BUKIT TIMAH,BT,CENTRAL REGION,CR,FF2AA0D68743AE28,5/11/2016 12:00:00 AM,22210.5093,33177.2208,6626.66718328,,,,,,,,,1228487.76839721,6626.66728357668
110,5,109,110,8,FARRER COURT,BTSZ08,N,BUKIT TIMAH,BT,CENTRAL REGION,CR,709639180E81EC72,5/11/2016 12:00:00 AM,24862.8217,33234.7951,4192.28952799,2017,BUKIT TIMAH,8 EMPRESS RD,1.3163339,103.8052796,6153.846154,6267.6923076,6153.846154,558760.530849218,4192.28933383638
111,0,110,111,5,TUAS VIEW,TSSZ05,N,TUAS,TS,WEST REGION,WR,AE9636556732D218,5/11/2016 12:00:00 AM,5753.6337,31501.4549,11013.6244854,,,,,,,,,5675810.87670581,11013.6245222671
112,0,111,112,1,NASSIM,TNSZ01,N,TANGLIN,TN,CENTRAL REGION,CR,960862F1C1B08BFA,5/11/2016 12:00:00 AM,27002.6928,32905.576,6241.33287686,,,,,,,,,2096085.23235947,6241.33289685688
113,0,112,113,5,WEST COAST,CLSZ05,N,CLEMENTI,CL,WEST REGION,WR,0BE668D9B5368B3F,5/11/2016 12:00:00 AM,19293.7625,33172.6228,3644.13182846,,,,,,,,,722588.658254564,3644.13172349086
114,0,113,114,8,BAYSHORE,BDSZ08,N,BEDOK,BD,EAST REGION,ER,9767E56D0C09A484,5/11/2016 12:00:00 AM,40835.377,32903.5965,8698.59695849,,,,,,,,,2550461.70792043,8698.5974196741
115,0,114,115,3,BENOI SECTOR,PNSZ03,N,PIONEER,PN,WEST REGION,WR,7CD74371F5BAD860,5/11/2016 12:00:00 AM,11668.2441,33336.5267,6249.47706765,,,,,,,,,2042631.01782823,6249.47713274201
116,0,115,116,2,GUL CIRCLE,PNSZ02,N,PIONEER,PN,WEST REGION,WR,029BD940F4455194,5/11/2016 12:00:00 AM,9693.9712,33074.429,7268.45075202,,,,,,,,,3260399.4657276,7268.45071736523
117,101,116,117,4,ALJUNIED,GLSZ04,N,GEYLANG,GL,CENTRAL REGION,CR,83AFAB768B6B2B66,5/11/2016 12:00:00 AM,33592.5759,32970.8301,7100.69907893,2017,GEYLANG,109 ALJUNIED CRES,1.3194707,103.8844493,5400,5779.65018477228,5460.784314,2959367.60581928,7100.69899355171
118,0,117,118,4,TYERSALL,TNSZ04,N,TANGLIN,TN,CENTRAL REGION,CR,DAC6AB8C67377C3B,5/11/2016 12:00:00 AM,25732.6536,32985.8494,6430.98614739,,,,,,,,,2158289.73732609,6430.98606661723
119,2,118,119,2,MOULMEIN,NVSZ02,N,NOVENA,NV,CENTRAL REGION,CR,50F53AE70EC1A4A3,5/11/2016 12:00:00 AM,29057.4415,33323.9221,5388.74193777,2017,KALLANG/WHAMPOA,69 MOULMEIN RD,1.31895,103.8505429,6345.238095,6446.4285715,6446.4285715,1347456.0243572,5388.74184792799
120,0,119,120,2,LIU FANG,BLSZ02,N,BOON LAY,BL,WEST REGION,WR,E793F02FC4904B9B,5/11/2016 12:00:00 AM,14079.1004,33391.5623,7135.44250052,,,,,,,,,2338909.48477802,7135.44246297514
121,0,120,121,5,FRANKEL,BDSZ05,N,BEDOK,BD,EAST REGION,ER,B34F041CC4B050EC,5/11/2016 12:00:00 AM,37694.5519,33007.2679,8750.38629062,,,,,,,,,4297140.73506391,8750.38626072468
122,101,121,122,4,CLEMENTI NORTH,CLSZ04,N,CLEMENTI,CL,WEST REGION,WR,FE2A39D748C39557,5/11/2016 12:00:00 AM,20613.245,33368.8225,4251.4453646,2017,CLEMENTI,365 CLEMENTI AVE 2,1.3122881,103.7699671,4731.707317,5307.5545899406,5253.731343,991039.803294122,4251.4454327846
123,0,122,123,3,BRAS BASAH,MUSZ03,Y,MUSEUM,MU,CENTRAL REGION,CR,5A1130F73E65C2D7,5/11/2016 12:00:00 AM,29793.0931,30958.0952,2348.65717267,,,,,,,,,223206.610250533,2348.65738047234
124,0,123,124,4,OXLEY,RVSZ04,Y,RIVER VALLEY,RV,CENTRAL REGION,CR,5A22C0945D1794D2,5/11/2016 12:00:00 AM,28802.3555,31053.6717,1989.48702648,,,,,,,,,200052.68667984,1989.48717126543
125,0,124,125,2,CITY HALL,DTSZ02,Y,DOWNTOWN CORE,DT,CENTRAL REGION,CR,C3663E9926627289,5/11/2016 12:00:00 AM,30209.0736,30536.5079,4544.16984709,,,,,,,,,710568.7130602,4544.17008197116
126,22,125,126,6,MEI CHIN,QTSZ06,N,QUEENSTOWN,QT,CENTRAL REGION,CR,F15BD95C8778DC31,5/11/2016 12:00:00 AM,24651.0693,30651.134,3580.44285697,2017,QUEENSTOWN,161 MEI LING ST,1.2914703,103.8034685,5000,5677.50126009091,5666.6666665,748683.988580227,3580.44274380526
127,0,126,127,3,LEONIE HILL,RVSZ03,Y,RIVER VALLEY,RV,CENTRAL REGION,CR,29BCAA5838A4EAC0,5/11/2016 12:00:00 AM,28082.9397,31145.1079,2676.35256334,,,,,,,,,368482.984975338,2676.35271124203
128,0,127,128,15,PORT,QTSZ15,N,QUEENSTOWN,QT,CENTRAL REGION,CR,543ED13CCC907021,5/11/2016 12:00:00 AM,21576.0765,28788.2172,23438.818536,,,,,,,,,7601894.06459296,23438.818619116
129,0,128,129,1,DHOBY GHAUT,MUSZ01,Y,MUSEUM,MU,CENTRAL REGION,CR,AD3DE26295353551,5/11/2016 12:00:00 AM,29320.0735,31245.7483,2584.78830957,,,,,,,,,221973.353310883,2584.78824365927
130,0,129,130,1,BUGIS,DTSZ01,Y,DOWNTOWN CORE,DT,CENTRAL REGION,CR,E042FEB6C937D5A5,5/11/2016 12:00:00 AM,30528.3347,31278.4644,2658.88164763,,,,,,,,,280174.752930403,2658.88190363207
131,0,130,131,10,VICTORIA,RCSZ10,Y,ROCHOR,RC,CENTRAL REGION,CR,DD1436D810825828,5/11/2016 12:00:00 AM,30189.2101,31335.7252,2093.77023342,,,,,,,,,214250.3091591,2093.77063922159
132,0,131,132,2,PATERSON,RVSZ02,Y,RIVER VALLEY,RV,CENTRAL REGION,CR,350FD169665248C4,5/11/2016 12:00:00 AM,27809.3171,31511.3733,1753.92708041,,,,,,,,,173121.754780769,1753.92702287744
133,0,132,133,4,TUAS BAY,TSSZ04,N,TUAS,TS,WEST REGION,WR,B16AC41469AD9EB5,5/11/2016 12:00:00 AM,6921.1588,33401.4189,10583.7111263,,,,,,,,,3203305.99245791,10583.7115800564
134,0,133,134,7,LEEDON PARK,BTSZ07,N,BUKIT TIMAH,BT,CENTRAL REGION,CR,BE682D8040DECFEA,5/11/2016 12:00:00 AM,23947.764,33247.6811,7565.17005339,,,,,,,,,2049551.2848891,7565.17012735737
135,71,134,135,5,GEYLANG EAST,GLSZ05,N,GEYLANG,GL,CENTRAL REGION,CR,58687154BD252A0A,5/11/2016 12:00:00 AM,35237.1681,33246.0587,7028.34007067,2017,GEYLANG,18 EUNOS CRES,1.3238194,103.9044755,4152.542373,5752.52415435212,5387.323944,2579087.13291538,7028.34007232132
136,80,135,136,8,TEBAN GARDENS,JESZ08,N,JURONG EAST,JE,WEST REGION,WR,B2B5A419BCAB53ED,5/11/2016 12:00:00 AM,17965.7225,33016.3403,8204.29735041,2017,JURONG EAST,410 PANDAN GDNS,1.3189653,103.7474715,3888.888889,4141.4616978125,3870.12012,3187584.03464252,8204.29718377813
137,0,136,137,7,JURONG RIVER,JESZ07,N,JURONG EAST,JE,WEST REGION,WR,4B0C61FF99008ACC,5/11/2016 12:00:00 AM,16367.556,33519.9926,6612.90323098,,,,,,,,,2560995.88419995,6612.90308423665
138,36,137,138,2,GEYLANG BAHRU,KLSZ02,N,KALLANG,KL,CENTRAL REGION,CR,F1279A5E67F0E58D,5/11/2016 12:00:00 AM,32110.0626,33765.6746,3745.03401723,2017,KALLANG/WHAMPOA,97 GEYLANG BAHRU,1.323741,103.87015,5279.411765,5012.7427475,5025.6410255,735502.240487337,3745.03408773348
139,0,138,139,3,FABER,CLSZ03,N,CLEMENTI,CL,WEST REGION,WR,180FC14DBEF3A0A4,5/11/2016 12:00:00 AM,19489.6559,33800.8662,4665.75598129,,,,,,,,,948158.915612519,4665.75619554242
140,0,139,140,3,MALCOLM,NVSZ03,N,NOVENA,NV,CENTRAL REGION,CR,554AD3E3224BB5DD,5/11/2016 12:00:00 AM,28070.2584,33930.2568,5346.80971968,,,,,,,,,1321089.85144663,5346.80967841562
141,118,140,141,6,BEDOK SOUTH,BDSZ06,N,BEDOK,BD,EAST REGION,ER,1E89C4218E6421C2,5/11/2016 12:00:00 AM,40379.4208,33744.2238,7811.58902531,2017,BEDOK,22 BEDOK STH AVE 1,1.3228528,103.9327527,4794.520548,4730.59407430508,4636.7694805,2997307.47234321,7811.58889415089
142,417,141,142,2,TAMPINES EAST,TMSZ02,N,TAMPINES,TM,EAST REGION,ER,21658EAAF84F4D8D,5/11/2016 12:00:00 AM,41122.547,37392.389,10180.6240914,2017,TAMPINES,111 TAMPINES ST 11,1.3469153,103.9473468,4432.432432,4419.81398416786,4308.943089,4339824.10550499,10180.6242113446
143,137,142,143,1,KAKI BUKIT,BDSZ01,N,BEDOK,BD,EAST REGION,ER,0E5F89C6D8042867,5/11/2016 12:00:00 AM,36485.3951,35307.0408,8153.88813505,2017,BEDOK,620 BEDOK RESERVOIR RD,1.3339841,103.9182508,4466.666667,4321.28123151825,4328.125,2820171.63897955,8153.887989475
144,88,143,144,2,YUHUA EAST,JESZ02,N,JURONG EAST,JE,WEST REGION,WR,703D4A0324A15A14,5/11/2016 12:00:00 AM,17485.1754,35841.78,4018.42101743,2017,JURONG EAST,110 JURONG EAST ST 13,1.3391271,103.7364741,4779.411765,4225.42755975,4179.104478,924762.505898893,4018.42112681057
145,53,144,145,9,BUKIT BATOK SOUTH,BKSZ09,N,BUKIT BATOK,BK,WEST REGION,WR,D5DC9A5BC8BC1AC1,5/11/2016 12:00:00 AM,19631.873,35910.9635,6998.80592435,2017,BUKIT BATOK,289F BT BATOK ST 25,1.344649,103.75905,3833.333333,4311.34541973585,4239.130435,1806553.06235594,6998.80590786145
146,333,145,146,9,JURONG WEST CENTRAL,JWSZ09,N,JURONG WEST,JW,WEST REGION,WR,1D90F8ED7A36C82C,5/11/2016 12:00:00 AM,13396.6261,35811.7261,4649.79715009,2017,JURONG WEST,682C JURONG WEST CTRL 1,1.3432503,103.7053832,4202.12766,4297.62286804505,4279.569892,1404536.64377984,4649.79686792509
147,82,146,147,2,BEDOK RESERVOIR,BDSZ02,N,BEDOK,BD,EAST REGION,ER,F3CEF1310CE15C52,5/11/2016 12:00:00 AM,38351.1166,35800.6076,6899.52590019,2017,BEDOK,742 BEDOK RESERVOIR RD,1.3380507,103.9219714,4402.985075,4661.77775420732,4664.4144145,2379331.52814746,6899.52585553658
148,26,147,148,1,ANAK BUKIT,BTSZ01,N,BUKIT TIMAH,BT,CENTRAL REGION,CR,22AC7070AFD473BD,5/11/2016 12:00:00 AM,21127.1918,35561.884,7637.80947893,2017,BUKIT TIMAH,12 TOH YI DR,1.3384069,103.7727737,6634.615385,6444.23644996154,6538.461538,2768353.56068307,7637.80931171576
149,0,148,149,2,SWISS CLUB,BTSZ02,N,BUKIT TIMAH,BT,CENTRAL REGION,CR,7AED94EB01C4B0C6,5/11/2016 12:00:00 AM,23436.2688,35866.3679,8976.74405286,,,,,,,,,3467036.91991913,8976.74392978564
150,0,149,150,5,XILIN,TMSZ05,N,TAMPINES,TM,EAST REGION,ER,1511CC4BB4BE642B,5/11/2016 12:00:00 AM,43110.6141,34607.3132,12926.0469938,,,,,,,,,7833992.83909023,12926.0468700198
151,126,150,151,4,SIMEI,TMSZ04,N,TAMPINES,TM,EAST REGION,ER,80BC46AD51E70C08,5/11/2016 12:00:00 AM,41431.0631,35870.7852,7402.56077942,2017,TAMPINES,132 SIMEI ST 1,1.3469392,103.9557776,5214.285714,4901.68332538095,4646.3874755,2778635.68923104,7402.56081134454
152,89,151,152,2,BOON LAY PLACE,JWSZ02,N,JURONG WEST,JW,WEST REGION,WR,87E39292C52D96D3,5/11/2016 12:00:00 AM,14403.7788,36444.6275,3708.36628096,2017,JURONG WEST,186 BOON LAY AVE,1.3457356,103.7112919,3898.305085,3788.82980411236,3756.756757,906317.370079279,3708.36622729713
153,78,152,153,8,BUKIT BATOK EAST,BKSZ08,N,BUKIT BATOK,BK,WEST REGION,WR,7CED8DCEA0FF3FC1,5/11/2016 12:00:00 AM,19566.3613,36806.3015,2619.55237227,2017,BUKIT BATOK,267 BT BATOK EAST AVE 4,1.3485864,103.7601899,4375,3999.62508653846,4017.1130955,380201.800093472,2619.55228874762
154,77,153,154,6,BUKIT BATOK WEST,BKSZ06,N,BUKIT BATOK,BK,WEST REGION,WR,2CB400C307F6BCD9,5/11/2016 12:00:00 AM,17865.8838,36623.2134,3414.79942773,2017,BUKIT BATOK,164 BT BATOK ST 11,1.3477341,103.74281,3904.109589,4012.32065833766,3972.60274,526383.341849148,3414.79943896484
155,106,154,155,7,BUKIT BATOK CENTRAL,BKSZ07,N,BUKIT BATOK,BK,WEST REGION,WR,4CE31051AB87CA5E,5/11/2016 12:00:00 AM,18773.5578,36680.0524,3782.82695881,2017,BUKIT BATOK,225 BT BATOK CTRL,1.348447,103.752573,4253.731343,4336.22681858491,4164.1791045,800298.588368058,3782.82705574042
156,31,155,156,7,UPPER PAYA LEBAR,SGSZ07,N,SERANGOON,SG,NORTH-EAST REGION,NER,85166B505D7B3F6B,5/11/2016 12:00:00 AM,32866.5229,36522.0741,4658.99942771,2017,SERANGOON,1 LOR LEW LIAN,1.3507759,103.8752981,4931.506849,5413.52979151613,5451.327434,898561.300235271,4658.99949830022
157,22,156,157,8,TAI SENG,HGSZ08,N,HOUGANG,HG,NORTH-EAST REGION,NER,83A61CB3DD808C5B,5/11/2016 12:00:00 AM,34043.0454,36213.0116,6396.62838397,2017,HOUGANG,134 LOR AH SOO,1.3504908,103.8865333,3718.446602,3997.75781704546,3931.835491,1796058.93794858,6396.62808765594
158,0,157,158,1,TENGEH,TSSZ01,N,TUAS,TS,WEST REGION,WR,A74ED9CED03678BA,5/11/2016 12:00:00 AM,7798.1677,35535.6127,9918.46418022,,,,,,,,,2251155.72729774,9918.46420504137
159,45,158,159,1,YUHUA WEST,JESZ01,N,JURONG EAST,JE,WEST REGION,WR,6C125B9A8CCB91DA,5/11/2016 12:00:00 AM,16721.2525,36571.2646,3817.52107182,2017,JURONG EAST,329 JURONG EAST AVE 1,1.3501711,103.7298896,4324.324324,4056.02691497778,4054.054054,776142.503732264,3817.52117529497
160,230,159,160,8,YUNNAN,JWSZ08,N,JURONG WEST,JW,WEST REGION,WR,D3B6116B19FF864D,5/11/2016 12:00:00 AM,12593.1412,36299.9335,7192.20867524,2017,JURONG WEST,917 JURONG WEST ST 91,1.3404281,103.6875768,3917.808219,3402.52080481304,3272.68216,2206305.0247725,7192.20855351913
161,0,160,161,5,LORONG CHUAN,SGSZ05,N,SERANGOON,SG,NORTH-EAST REGION,NER,8CF45D8EE07ED019,5/11/2016 12:00:00 AM,31327.7628,36732.6316,5440.34732379,,,,,,,,,1180126.07952952,5440.34739235485
162,193,161,162,3,HONG KAH,JWSZ03,N,JURONG WEST,JW,WEST REGION,WR,714E35D7866DC63D,5/11/2016 12:00:00 AM,15507.9346,36890.281,5589.78456121,2017,JURONG WEST,485 JURONG WEST AVE 1,1.3483369,103.7271518,3849.315068,3810.8917055285,3756.097561,1793463.6132437,5589.78453160835
163,0,162,163,2,TUAS PROMENADE,TSSZ02,N,TUAS,TS,WEST REGION,WR,F2BFB371A2C0DEFA,5/11/2016 12:00:00 AM,5918.9956,34910.5821,13318.7733951,,,,,,,,,3188097.26460262,13318.7733651519
164,0,163,164,4,AIRPORT ROAD,PLSZ04,N,PAYA LEBAR,PL,EAST REGION,ER,2C840AED9CEFDB07,5/11/2016 12:00:00 AM,35133.3154,37075.3184,3433.88480442,,,,,,,,,494504.092075706,3433.88483766682
165,72,164,165,6,SERANGOON CENTRAL,SGSZ06,N,SERANGOON,SG,NORTH-EAST REGION,NER,3E0A343DED145DD2,5/11/2016 12:00:00 AM,32157.3746,37148.607,4784.62316929,2017,SERANGOON,302 SERANGOON AVE 2,1.3531671,103.8670534,4757.142857,5709.37670308333,5759.6153845,1061889.38902664,4784.62347773659
166,133,165,166,3,BISHAN EAST,BSSZ03,N,BISHAN,BS,CENTRAL REGION,CR,54980EC3DD176721,5/11/2016 12:00:00 AM,30191.9092,36882.1939,5680.71940217,2017,BISHAN,151 BISHAN ST 11,1.3451427,103.8555932,5468.75,6070.32892233083,6071.428571,1794461.24220651,5680.71931180237
167,242,166,167,3,TAMPINES WEST,TMSZ03,N,TAMPINES,TM,EAST REGION,ER,2E3EA3D1BBF9A601,5/11/2016 12:00:00 AM,39421.6571,36739.2069,8058.33566026,2017,TAMPINES,907 TAMPINES AVE 4,1.3506585,103.9393244,5068.493151,4388.83414160744,4365.765766,3475209.83834958,8058.33557450009
168,0,167,168,3,BRICKWORKS,BKSZ03,N,BUKIT BATOK,BK,WEST REGION,WR,56BA53C9A2E97051,5/11/2016 12:00:00 AM,17861.6364,37527.3344,4392.36221458,,,,,,,,,1225673.60888839,4392.36207879187
169,0,168,169,4,DUNEARN,NVSZ04,N,NOVENA,NV,CENTRAL REGION,CR,E55224E9EB1AAB39,5/11/2016 12:00:00 AM,26525.5278,34268.8547,4827.40826399,,,,,,,,,1229894.39805174,4827.40824544172
170,11,169,170,2,SUNSET WAY,CLSZ02,N,CLEMENTI,CL,WEST REGION,WR,D310037B2BD7FD2C,5/11/2016 12:00:00 AM,20805.3131,34279.4521,4572.13049642,2017,CLEMENTI,105 CLEMENTI ST 12,1.322682,103.7698766,5223.880597,5740.38714236364,5782.312925,964682.654124916,4572.13065081432
171,79,170,171,2,MACPHERSON,GLSZ02,N,GEYLANG,GL,CENTRAL REGION,CR,A6E1CADF14D4862F,5/11/2016 12:00:00 AM,33774.3483,34399.1614,4585.78817982,2017,GEYLANG,23 BALAM RD,1.3310199,103.8865333,3913.764511,4383.35383729114,4275.862069,1263409.38645625,4585.78815186016
172,23,171,172,7,KIM KEAT,TPSZ07,N,TOA PAYOH,TP,CENTRAL REGION,CR,7E3E15992F058B10,5/11/2016 12:00:00 AM,30817.6061,34898.8968,2500.85227084,2017,TOA PAYOH,26 TOA PAYOH EAST,1.3328732,103.8569068,3731.343284,4483.69902391304,4615.384615,369770.572584152,2500.85226926846
173,353,172,173,4,BEDOK NORTH,BDSZ04,N,BEDOK,BD,EAST REGION,ER,A2254301F85C1EDF,5/11/2016 12:00:00 AM,39429.2104,34737.6194,8414.96210185,2017,BEDOK,522 BEDOK NTH AVE 1,1.3306412,103.9269518,4253.731343,4745.05318230311,4510.869565,3203663.50486588,8414.96215193191
174,182,173,174,2,TOA PAYOH CENTRAL,TPSZ02,N,TOA PAYOH,TP,CENTRAL REGION,CR,F05298981CE86DAB,5/11/2016 12:00:00 AM,29409.7438,34982.1962,5201.96875215,2017,TOA PAYOH,161 LOR 1 TOA PAYOH,1.3305263,103.8449493,5000,7261.46208601648,7707.5399845,1107267.04345846,5201.96871070316
175,0,174,175,5,JURONG GATEWAY,JESZ05,N,JURONG EAST,JE,WEST REGION,WR,857DAA77ED3346BF,5/11/2016 12:00:00 AM,17912.9778,35033.9061,3096.9841099,,,,,,,,,554623.677373946,3096.98412340746
176,0,175,176,3,HOLLAND ROAD,BTSZ03,N,BUKIT TIMAH,BT,CENTRAL REGION,CR,12A4B25B07B14D08,5/11/2016 12:00:00 AM,22485.0193,34364.2896,8185.19732328,,,,,,,,,3392897.36364335,8185.19724572719
177,55,176,177,3,KAMPONG UBI,GLSZ03,N,GEYLANG,GL,CENTRAL REGION,CR,12CC0A25547E67F9,5/11/2016 12:00:00 AM,35039.5495,34647.2633,5573.53291765,2017,GEYLANG,316 UBI AVE 1,1.3290262,103.9023912,4718.75,4311.89436692727,4337.078652,1878092.53864276,5573.53301412888
178,0,177,178,11,SENNETT,TPSZ11,N,TOA PAYOH,TP,CENTRAL REGION,CR,323E7ABC6E27B92B,5/11/2016 12:00:00 AM,32485.4898,35050.1965,3836.10579302,,,,,,,,,867750.429412484,3836.10585812987
179,47,178,179,9,POTONG PASIR,TPSZ09,N,TOA PAYOH,TP,CENTRAL REGION,CR,C54D6A4E4D1A775C,5/11/2016 12:00:00 AM,31596.799,35028.1043,3496.88166396,2017,TOA PAYOH,117 POTONG PASIR AVE 1,1.336316,103.8628407,4216.41791,5226.14786295745,5384.615385,639143.60548389,3496.88167934803
180,90,179,180,1,BENDEMEER,KLSZ01,N,KALLANG,KL,CENTRAL REGION,CR,69C9F7CD6F08EA3A,5/11/2016 12:00:00 AM,31175.9571,33827.9445,5603.00091056,2017,KALLANG/WHAMPOA,44 BENDEMEER RD,1.3222247,103.8665778,4571.428571,6510.59269777778,6882.7751195,1376830.06229252,5603.00096192203
181,107,180,181,1,BALESTIER,NVSZ01,N,NOVENA,NV,CENTRAL REGION,CR,779D071A741FD0DE,5/11/2016 12:00:00 AM,29975.2639,34194.0676,6804.34101071,2017,KALLANG/WHAMPOA,35 JLN BAHAGIA,1.3268129,103.8576089,4464.285714,4802.61969981309,4475.138122,1926621.99898475,6804.34108609819
182,19,181,182,12,JOO SENG,TPSZ12,N,TOA PAYOH,TP,CENTRAL REGION,CR,33EC42B8FE3B21D0,5/11/2016 12:00:00 AM,33454.069,35419.7276,4254.53133336,2017,TOA PAYOH,15 JOO SENG RD,1.335674,103.879989,4417.475728,4502.59583421053,4421.052632,1057165.23575985,4254.53135203851
183,0,182,183,5,CHIN BEE,JWSZ05,N,JURONG WEST,JW,WEST REGION,WR,E40040F5493ECE07,5/11/2016 12:00:00 AM,14631.8059,35240.9703,4899.0339574,,,,,,,,,1287949.80096072,4899.0341196268
184,32,183,184,5,LORONG 8 TOA PAYOH,TPSZ05,N,TOA PAYOH,TP,CENTRAL REGION,CR,4A20B4AB7C41B9D6,5/11/2016 12:00:00 AM,30646.8429,35893.1126,3271.27119241,2017,TOA PAYOH,1 LOR 7 TOA PAYOH,1.3393352,103.8533738,4029.850746,4214.32471409375,4158.536585,439646.801059008,3271.27117620185
185,56,184,185,3,TOH GUAN,JESZ03,N,JURONG EAST,JE,WEST REGION,WR,013B509B8EDF15BE,5/11/2016 12:00:00 AM,18294.1774,35518.17,4462.31441206,2017,JURONG EAST,202 JURONG EAST ST 21,1.3367463,103.742991,4638.554217,5084.41573601786,5029.851485,746882.277168274,4462.31439560436
186,34,185,186,3,BRADDELL,TPSZ03,N,TOA PAYOH,TP,CENTRAL REGION,CR,849909336BD70CC9,5/11/2016 12:00:00 AM,29811.6006,35855.51,3513.75693546,2017,TOA PAYOH,100 LOR 1 TOA PAYOH,1.339583,103.8484821,4779.411765,4945.98083455882,4786.2576065,446241.813654006,3513.75704777632
187,0,186,187,10,BIDADARI,TPSZ10,N,TOA PAYOH,TP,CENTRAL REGION,CR,B522727043B8AF0C,5/11/2016 12:00:00 AM,32632.5394,35918.015,3323.74283763,,,,,,,,,572502.123806834,3323.74281136309
188,0,187,188,8,WOODLEIGH,TPSZ08,N,TOA PAYOH,TP,CENTRAL REGION,CR,FA35D874BD766895,5/11/2016 12:00:00 AM,31670.4785,35799.9019,3778.89057411,,,,,,,,,813382.968304038,3778.89061907986
189,100,188,189,4,TAMAN JURONG,JWSZ04,N,JURONG WEST,JW,WEST REGION,WR,832B7D27EAD276CE,5/11/2016 12:00:00 AM,15522.0362,35189.1395,6583.69409641,2017,JURONG WEST,339D KANG CHING RD,1.3389521,103.7222402,4666.666667,3908.16467864,3851.9051835,1484296.51258126,6583.69399802088
190,0,189,190,4,LAKESIDE,JESZ04,N,JURONG EAST,JE,WEST REGION,WR,3BBFD45071B70ECF,5/11/2016 12:00:00 AM,16697.0118,35114.9062,8828.63382968,,,,,,,,,3108023.25256783,8828.63376496459
191,39,190,191,1,TOA PAYOH WEST,TPSZ01,N,TOA PAYOH,TP,CENTRAL REGION,CR,F09D85529E92E6F5,5/11/2016 12:00:00 AM,28943.1923,35787.3478,4516.83996636,2017,TOA PAYOH,118 LOR 1 TOA PAYOH,1.3395306,103.8448587,5107.692308,4853.75646782051,4707.692308,1037281.06871665,4516.84011273488
192,0,191,192,9,DEFU INDUSTRIAL PARK,HGSZ09,N,HOUGANG,HG,NORTH-EAST REGION,NER,6BA8E702DD748D19,5/11/2016 12:00:00 AM,34951.3961,37089.433,8517.59616931,,,,,,,,,1974371.71365106,8517.59605159869
193,49,192,193,4,GUILIN,BKSZ04,N,BUKIT BATOK,BK,WEST REGION,WR,1EC9354628DA67BE,5/11/2016 12:00:00 AM,19151.8276,37505.9793,5564.33323058,2017,BUKIT BATOK,534 BT BATOK ST 51,1.3559677,103.7505944,3913.043478,4031.51394385714,3980,1085080.08407426,5564.33296294772
194,127,193,194,2,MARYMOUNT,BSSZ02,N,BISHAN,BS,CENTRAL REGION,CR,1363543F3E7844CC,5/11/2016 12:00:00 AM,29287.5853,37383.764,6383.4792728,2017,BISHAN,254 BISHAN ST 22,1.3618757,103.8431376,5833.333333,6396.36827955118,6027.39726,1964134.53356069,6383.47917238837
195,60,194,195,1,WENYA,JWSZ01,N,JURONG WEST,JW,WEST REGION,WR,A6921D5CCCE1A298,5/11/2016 12:00:00 AM,13953.5271,37532.7209,5864.5928175,2017,JURONG WEST,273D JURONG WEST AVE 3,1.352279,103.703018,4200,3473.2414568,3441.441441,1974943.26100338,5864.59302035699
196,0,195,196,7,NATURE RESERVE,BPSZ07,N,BUKIT PANJANG,BP,WEST REGION,WR,5E964070D9B0D244,5/11/2016 12:00:00 AM,21822.6273,37285.2615,9051.90911918,,,,,,,,,4141322.46658009,9051.90906969755
197,0,196,197,5,HILLVIEW,BKSZ05,N,BUKIT BATOK,BK,WEST REGION,WR,3111003F85F45513,5/11/2016 12:00:00 AM,20276.6529,37526.4582,6673.93400425,,,,,,,,,1990788.35991985,6673.93394235751
198,0,197,198,1,CHANGI BAY,CBSZ01,N,CHANGI BAY,CB,EAST REGION,ER,ACFD43D8AE3F7B3F,5/11/2016 12:00:00 AM,49502.4866,34316.5442,18731.5599659,,,,,,,,,1829821.54011273,18731.5598862106
199,0,198,199,2,PAYA LEBAR EAST,PLSZ02,N,PAYA LEBAR,PL,EAST REGION,ER,389E16D1B4BCDE92,5/11/2016 12:00:00 AM,38065.4483,37522.396,7470.11195193,,,,,,,,,2259239.76349401,7470.11198444016
200,52,199,200,1,UPPER THOMSON,BSSZ01,N,BISHAN,BS,CENTRAL REGION,CR,0ABCF49C51112DC2,5/11/2016 12:00:00 AM,27884.6872,37749.3937,10082.075301,2017,BISHAN,308 SHUNFU RD,1.3515149,103.8379898,6388.059701,5518.12445948077,5515.902243,3860325.02685791,10082.0751666453
201,112,200,201,2,HONG KAH NORTH,BKSZ02,N,BUKIT BATOK,BK,WEST REGION,WR,7688003183213EBF,5/11/2016 12:00:00 AM,18505.4653,38307.4684,3842.99403042,2017,BUKIT BATOK,306 BT BATOK ST 31,1.358251,103.747541,3845.070423,3833.68355052679,3845.154259,859179.212564707,3842.99401353137
202,120,201,202,4,TOWNSVILLE,AMSZ04,N,ANG MO KIO,AM,NORTH-EAST REGION,NER,377A4E677018DDF9,5/11/2016 12:00:00 AM,29686.468,38599.4995,3313.3174126,2017,ANG MO KIO,314 ANG MO KIO AVE 3,1.3662326,103.8496597,4772.727273,5665.09790521666,5575.963719,546403.84751296,3313.31729492654
203,22,202,203,6,KOVAN,HGSZ06,N,HOUGANG,HG,NORTH-EAST REGION,NER,19C0ECAF2E3AE59A,5/11/2016 12:00:00 AM,33270.7913,38331.4768,5644.28774956,2017,HOUGANG,703 HOUGANG AVE 2,1.3655591,103.8894329,4182.926829,3952.14550104546,3896.7860095,1948613.17294407,5644.28782254202
204,122,203,204,3,CHONG BOON,AMSZ03,N,ANG MO KIO,AM,NORTH-EAST REGION,NER,94B98B182E1B853F,5/11/2016 12:00:00 AM,30485.5109,38478.993,4710.53872999,2017,ANG MO KIO,406 ANG MO KIO AVE 10,1.3620328,103.8538267,5340.909091,4499.15715038524,4391.891892,1078622.32414091,4710.53846154507
205,62,204,205,5,SHANGRI-LA,AMSZ05,N,ANG MO KIO,AM,NORTH-EAST REGION,NER,B208B7127D3E0A31,5/11/2016 12:00:00 AM,28564.7156,38888.9209,4019.22952597,2017,ANG MO KIO,235 ANG MO KIO AVE 3,1.3669343,103.8362083,4000,4361.42477014516,4278.897798,687930.095331311,4019.22967509922
206,77,205,206,4,SERANGOON GARDEN,SGSZ04,N,SERANGOON,SG,NORTH-EAST REGION,NER,9E333AF1E3047F58,5/11/2016 12:00:00 AM,31710.8227,38310.2243,6972.41909361,2017,SERANGOON,219 SERANGOON AVE 4,1.3583368,103.872127,4701.492537,4395.22430862337,4351.145038,3023148.99198592,6972.41922501645
207,14,206,207,1,HOUGANG CENTRAL,HGSZ01,N,HOUGANG,HG,NORTH-EAST REGION,NER,C4419A9A8D05E0DF,5/11/2016 12:00:00 AM,34470.7005,39076.5963,2759.81546608,2017,HOUGANG,830 HOUGANG CTRL,1.3709751,103.8901578,5186.99187,4873.53847671429,4863.0298275,441733.432292819,2759.81553836586
208,0,207,208,7,LOYANG EAST,PRSZ07,N,PASIR RIS,PR,EAST REGION,ER,4B656D023BC2388D,5/11/2016 12:00:00 AM,43592.3311,38890.0948,4185.46289802,,,,,,,,,970068.076852322,4185.46292369651
209,0,208,209,6,DAIRY FARM,BPSZ06,N,BUKIT PANJANG,BP,WEST REGION,WR,FE385B2E17662DDF,5/11/2016 12:00:00 AM,21181.12,38939.8375,4814.19537542,,,,,,,,,1235901.75183147,4814.19519741099
210,171,209,210,5,PASIR RIS DRIVE,PRSZ05,N,PASIR RIS,PR,EAST REGION,ER,2B73597AF3F174F3,5/11/2016 12:00:00 AM,42032.458,38988.2187,5311.06036561,2017,PASIR RIS,440 PASIR RIS DR 4,1.3695853,103.9578174,4363.207547,3884.83836798245,3824,1639669.02801645,5311.06038283532
211,0,210,211,1,TAMPINES NORTH,TMSZ01,N,TAMPINES,TM,EAST REGION,ER,619A4A5A72D3F75A,5/11/2016 12:00:00 AM,39763.9423,38698.1692,7128.35539054,,,,,,,,,2543106.64314961,7128.35527059563
212,164,211,212,2,CHENG SAN,AMSZ02,N,ANG MO KIO,AM,NORTH-EAST REGION,NER,504511A82C516D62,5/11/2016 12:00:00 AM,30312.1923,39413.3478,4218.95806162,2017,ANG MO KIO,510 ANG MO KIO AVE 8,1.3734149,103.8492068,5795.454545,5336.89838663415,4768.6567165,955710.188884139,4218.95802119999
213,7,212,213,1,ANG MO KIO TOWN CENTRE,AMSZ01,N,ANG MO KIO,AM,NORTH-EAST REGION,NER,B996E2754B3DA5E1,5/11/2016 12:00:00 AM,29501.7659,39419.4049,2642.20877721,2017,ANG MO KIO,728 ANG MO KIO AVE 6,1.3727031,103.8456739,4207.317073,6300.27707542857,6918.918919,316882.025730371,2642.20878117451
214,92,213,214,6,KEBUN BAHRU,AMSZ06,N,ANG MO KIO,AM,NORTH-EAST REGION,NER,60BFB1E98CF343F9,5/11/2016 12:00:00 AM,28700.1674,39496.5061,4288.19423135,2017,ANG MO KIO,127 ANG MO KIO AVE 3,1.3711757,103.8437717,4895.522388,4453.86198780435,4409.882353,1046417.01501334,4288.19415025516
215,0,214,215,2,SERANGOON NORTH IND ESTATE,SGSZ02,N,SERANGOON,SG,NORTH-EAST REGION,NER,2648D1D39685215F,5/11/2016 12:00:00 AM,31498.8784,39642.2223,4299.21119877,,,,,,,,,921430.92232585,4299.21121897681
216,0,215,216,1,TENGAH,THSZ01,N,TENGAH,TH,WEST REGION,WR,7E6091D123C993EB,5/11/2016 12:00:00 AM,16363.1893,38432.5474,12808.8765324,,,,,,,,,7370557.7391533,12808.876466205
217,66,216,217,3,SERANGOON NORTH,SGSZ03,N,SERANGOON,SG,NORTH-EAST REGION,NER,C685042EC58E5C55,5/11/2016 12:00:00 AM,32458.8031,39597.6401,3610.73240827,2017,SERANGOON,553 SERANGOON NTH AVE 3,1.3716715,103.8714928,4313.72549,4198.43189945455,4191.4700545,684704.282149673,3610.73238736416
218,58,217,218,3,PASIR RIS CENTRAL,PRSZ03,N,PASIR RIS,PR,EAST REGION,ER,FF244AAC9D31CDAF,5/11/2016 12:00:00 AM,40755.9017,39341.7477,5273.2390021,2017,PASIR RIS,559 PASIR RIS ST 51,1.3664363,103.9516981,3653.846154,4337.76701996552,4269.0527065,1511487.38411164,5273.23899283259
219,43,218,219,1,GOMBAK,BKSZ01,N,BUKIT BATOK,BK,WEST REGION,WR,1DCF02A5C4038697,5/11/2016 12:00:00 AM,19560.7028,39034.544,7921.55721089,2017,BUKIT BATOK,383 BT BATOK WEST AVE 5,1.3622966,103.7521786,4388.888889,4571.1512112093,4588.888889,2459098.24818039,7921.55700890621
220,0,219,220,5,PLAB,PLSZ05,N,PAYA LEBAR,PL,EAST REGION,ER,C3865987F1E8B141,5/11/2016 12:00:00 AM,36691.9113,37730.7232,11966.016757,,,,,,,,,7034806.4620564,11966.0169194671
221,0,220,221,1,PAYA LEBAR NORTH,PLSZ01,N,PAYA LEBAR,PL,EAST REGION,ER,3B624AD13872144A,5/11/2016 12:00:00 AM,38291.9788,39463.3319,4812.86290481,,,,,,,,,1287387.24247885,4812.86266007884
222,64,221,222,3,HOUGANG EAST,HGSZ03,N,HOUGANG,HG,NORTH-EAST REGION,NER,EED5DED3CE2CF722,5/11/2016 12:00:00 AM,35128.0008,39812.3857,3960.44686192,2017,HOUGANG,414 HOUGANG AVE 10,1.375043,103.8959572,4340.659341,4322.21155746875,4347.7490255,842667.593870878,3960.44702221043
223,0,222,223,10,LORONG HALUS,HGSZ10,N,HOUGANG,HG,NORTH-EAST REGION,NER,F0518D430182A509,5/11/2016 12:00:00 AM,35870.2568,39071.4384,5788.96000094,,,,,,,,,1333532.96899045,5788.96000418675
224,76,223,224,2,KANGKAR,HGSZ02,N,HOUGANG,HG,NORTH-EAST REGION,NER,BE2E2BB27D14DC52,5/11/2016 12:00:00 AM,35222.4409,39071.3399,5617.43081118,2017,HOUGANG,304 HOUGANG AVE 5,1.3678595,103.8952379,4324.324324,4070.78820228947,4055.0258565,1007410.02493036,5617.43078401741
225,0,224,225,7,SEMBAWANG HILLS,AMSZ07,N,ANG MO KIO,AM,NORTH-EAST REGION,NER,FE6D048ED663500B,5/11/2016 12:00:00 AM,27715.9236,39634.529,4326.11127378,,,,,,,,,894516.082501471,4326.11141576609
226,109,225,226,5,JELEBU,BPSZ05,N,BUKIT PANJANG,BP,WEST REGION,WR,61A034F12715D43D,5/11/2016 12:00:00 AM,20535.3901,39769.4445,3992.42603071,2017,BUKIT PANJANG,128 PENDING RD,1.3760827,103.769605,3972.60274,4549.12605766972,4430.894309,911208.267166972,3992.42602483888
227,43,226,227,2,KEAT HONG,CKSZ02,N,CHOA CHU KANG,CK,WEST REGION,WR,8ADEB58B9C197CD0,5/11/2016 12:00:00 AM,18333.674,39720.6197,4680.78329119,2017,CHOA CHU KANG,252 CHOA CHU KANG AVE 2,1.3782785,103.7452539,2851.851852,3331.48370072093,3319.672131,1143813.67980415,4680.783318475
228,164,227,228,4,HOUGANG WEST,HGSZ04,N,HOUGANG,HG,NORTH-EAST REGION,NER,27B0E0BDE3579753,5/11/2016 12:00:00 AM,33849.2205,39506.8724,6424.48213864,2017,HOUGANG,528 HOUGANG AVE 6,1.3752207,103.8907015,4621.621622,4130.10739956707,4119.6594205,1328876.20688307,6424.48183471906
229,0,228,229,3,PAYA LEBAR WEST,PLSZ03,N,PAYA LEBAR,PL,EAST REGION,ER,4BADA58E2612A6E2,5/11/2016 12:00:00 AM,36649.3106,39403.4873,5898.47569455,,,,,,,,,609894.683177352,5898.4757213282
230,66,229,230,4,BANGKIT,BPSZ04,N,BUKIT PANJANG,BP,WEST REGION,WR,434BCF269E20F681,5/11/2016 12:00:00 AM,21431.2286,39899.5272,4350.13572206,2017,BUKIT PANJANG,221 PENDING RD,1.3753269,103.7734979,3589.041096,3551.82336789394,3554.0273975,763183.430640042,4350.13565592047
231,0,230,231,1,LORONG HALUS NORTH,SESZ01,N,SENGKANG,SE,NORTH-EAST REGION,NER,4A9FCDF7EAE9BEAE,5/11/2016 12:00:00 AM,36619.2153,40404.6157,3930.09675185,,,,,,,,,924866.043478847,3930.09669079813
232,133,231,232,4,PENG SIANG,CKSZ04,N,CHOA CHU KANG,CK,WEST REGION,WR,38D2C20DFB2C1BB6,5/11/2016 12:00:00 AM,17462.292,40146.4113,4555.05795281,2017,CHOA CHU KANG,476C CHOA CHU KANG AVE 5,1.377366,103.7379349,4402.985075,3620.52649156391,3490.384615,862737.121067941,4555.05811866198
233,132,232,233,2,PASIR RIS WEST,PRSZ02,N,PASIR RIS,PR,EAST REGION,ER,504681216FE2A24B,5/11/2016 12:00:00 AM,39851.4092,40140.2237,5128.49489035,2017,PASIR RIS,641 PASIR RIS DR 1,1.37645,103.9395737,3846.153846,3829.41348845455,3814.8542245,1583440.15459061,5128.4947434523
234,92,233,234,9,YIO CHU KANG WEST,AMSZ09,N,ANG MO KIO,AM,NORTH-EAST REGION,NER,34215498CFFEE6DF,5/11/2016 12:00:00 AM,28750.4979,40360.6262,3707.00572695,2017,ANG MO KIO,610 ANG MO KIO AVE 4,1.3798478,103.8394238,4044.117647,4506.94658411956,4507.064677,846137.192539692,3707.00576026797
235,151,234,235,5,TRAFALGAR,HGSZ05,N,HOUGANG,HG,NORTH-EAST REGION,NER,86A32783BB5CDD32,5/11/2016 12:00:00 AM,33351.5218,40336.7975,6199.26749111,2017,HOUGANG,979C BUANGKOK CRES,1.379635,103.879869,4277.777778,3949.08348454305,3950,1744387.41153073,6199.2674258123
236,107,235,236,1,TECK WHYE,CKSZ01,N,CHOA CHU KANG,CK,WEST REGION,WR,B0AC5DFFC3C9CC3B,5/11/2016 12:00:00 AM,19269.9942,40394.105,4531.98145589,2017,CHOA CHU KANG,6 TECK WHYE AVE,1.3816739,103.7537627,3581.081081,3459.55176560748,3513.513514,1001591.80280095,4531.98131129019
237,0,236,237,3,TUAS NORTH,TSSZ03,N,TUAS,TS,WEST REGION,WR,1CD927A110152200,5/11/2016 12:00:00 AM,7737.0329,34331.0851,7702.82494807,,,,,,,,,3260150.91780213,7702.8250941205
238,55,237,238,6,PEI CHUN,TPSZ06,N,TOA PAYOH,TP,CENTRAL REGION,CR,E896DA37D43AE86B,5/11/2016 12:00:00 AM,30814.3282,35440.9703,2901.78941605,2017,TOA PAYOH,12 LOR 7 TOA PAYOH,1.3366558,103.8578354,3939.393939,4593.08181125454,4304.878049,411403.898699284,2901.78933555307
239,42,238,239,4,BOON TECK,TPSZ04,N,TOA PAYOH,TP,CENTRAL REGION,CR,3FBAA35FE787D703,5/11/2016 12:00:00 AM,30193.1349,35272.7474,2626.13659251,2017,TOA PAYOH,58 LOR 4 TOA PAYOH,1.3367347,103.8504976,5000,4820.72747383333,4754.761905,418657.346045911,2626.13655262381
240,0,239,240,6,KIAN TECK,JWSZ06,N,JURONG WEST,JW,WEST REGION,WR,9B1413350A34D0D4,5/11/2016 12:00:00 AM,12929.7451,34857.7532,8830.55525832,,,,,,,,,2098176.4993515,8830.55535676414
241,0,240,241,7,SAFTI,JWSZ07,N,JURONG WEST,JW,WEST REGION,WR,A5DB0CB48852975E,5/11/2016 12:00:00 AM,11290.2674,35199.6704,5137.71777156,,,,,,,,,1524551.31549805,5137.71759602771
242,0,241,242,1,TOH TUCK,CLSZ01,N,CLEMENTI,CL,WEST REGION,WR,0E1BA5E467E89BE8,5/11/2016 12:00:00 AM,19433.1204,34884.2481,6119.88349736,,,,,,,,,2077796.5669142,6119.88345521163
243,0,242,243,5,MOUNT PLEASANT,NVSZ05,N,NOVENA,NV,CENTRAL REGION,CR,F910FC998DE2CB15,5/11/2016 12:00:00 AM,27515.3125,35112.6183,7234.11074506,,,,,,,,,3142950.13136113,7234.11082881808
244,0,243,244,5,HILLCREST,BTSZ05,N,BUKIT TIMAH,BT,CENTRAL REGION,CR,1DC35394CBDDDADD,5/11/2016 12:00:00 AM,25207.8426,35039.2942,7428.70026068,,,,,,,,,2636483.27753592,7428.70043824548
245,72,244,245,2,SAUJANA,BPSZ02,N,BUKIT PANJANG,BP,WEST REGION,WR,BAD02A93A41830EC,5/11/2016 12:00:00 AM,20536.7145,40906.6531,3686.69056677,2017,BUKIT PANJANG,517 JELAPANG RD,1.3881776,103.7666853,3607.843137,3942.224377375,3871.9799485,674991.990483403,3686.69064337694
246,0,245,246,1,SELETAR HILLS,SGSZ01,N,SERANGOON,SG,NORTH-EAST REGION,NER,AE4E2159139560B6,5/11/2016 12:00:00 AM,31676.9626,40603.1989,6498.65107142,,,,,,,,,2330683.28859818,6498.65111701496
247,95,246,247,5,COMPASSVALE,SESZ05,N,SENGKANG,SE,NORTH-EAST REGION,NER,380E7DCFD2E09905,5/11/2016 12:00:00 AM,34304.2505,40761.0908,5216.01738046,2017,SENGKANG,275C COMPASSVALE LINK,1.383236,103.89396,5944.444444,5375.74421446316,5388.888889,1093213.46874166,5216.01756644322
248,0,247,248,12,YIO CHU KANG EAST,AMSZ12,N,ANG MO KIO,AM,NORTH-EAST REGION,NER,75F91E9882406325,5/11/2016 12:00:00 AM,30234.3682,40602.6508,5592.19108104,,,,,,,,,1861872.03935349,5592.19121239863
249,0,248,249,10,YIO CHU KANG,AMSZ10,N,ANG MO KIO,AM,NORTH-EAST REGION,NER,5E2B16BB381BAEA4,5/11/2016 12:00:00 AM,29443.7447,40836.0207,4533.21836353,,,,,,,,,909418.583498836,4533.2183575234
250,0,249,250,6,LOYANG WEST,PRSZ06,N,PASIR RIS,PR,EAST REGION,ER,05FD555397CBEE7A,5/11/2016 12:00:00 AM,43294.8337,39888.7716,6203.00206517,,,,,,,,,2114789.46272004,6203.00220641722
251,0,250,251,8,TAGORE,AMSZ08,N,ANG MO KIO,AM,NORTH-EAST REGION,NER,DECC20CBAF2CD0C4,5/11/2016 12:00:00 AM,27445.7713,40971.4244,8162.60017367,,,,,,,,,3334192.42958248,8162.60010195084
252,94,251,252,7,LORONG AH SOO,HGSZ07,N,HOUGANG,HG,NORTH-EAST REGION,NER,6EDE1DB873D24BDD,5/11/2016 12:00:00 AM,33930.3169,37657.026,5438.2110219,2017,HOUGANG,126 HOUGANG AVE 1,1.3523271,103.8855366,4134.328358,4309.67068501064,4176.953184,1515533.89450502,5438.21094338013
253,0,252,253,8,FLORA DRIVE,PRSZ08,N,PASIR RIS,PR,EAST REGION,ER,FA9C76B49B6D0C95,5/11/2016 12:00:00 AM,42801.7349,37930.5489,3956.61577684,,,,,,,,,944998.465307117,3956.61586677133
254,45,253,254,3,CHOA CHU KANG CENTRAL,CKSZ03,N,CHOA CHU KANG,CK,WEST REGION,WR,CCB9716DE31DDEF5,5/11/2016 12:00:00 AM,18465.672,40772.9207,4202.49660819,2017,CHOA CHU KANG,212 CHOA CHU KANG CTRL,1.3825178,103.7474263,3605.769231,3486.73705462222,3413.461538,1097298.81261033,4202.49660070889
255,0,254,255,2,CHANGI WEST,CHSZ02,N,CHANGI,CH,EAST REGION,ER,7460F2CFB1D7D36C,5/11/2016 12:00:00 AM,44092.338,38928.6585,14918.1082207,,,,,,,,,4848516.72533679,14918.1084387865
256,112,255,256,3,FAJAR,BPSZ03,N,BUKIT PANJANG,BP,WEST REGION,WR,2F183C2676E91CD1,5/11/2016 12:00:00 AM,21080.9573,40748.0926,3800.60894051,2017,BUKIT PANJANG,447 BT PANJANG RING RD,1.3834013,103.7715967,3366.336634,3690.60713466072,3572.077922,668454.440496147,3800.60903878303
257,121,256,257,1,SENJA,BPSZ01,N,BUKIT PANJANG,BP,WEST REGION,WR,E8D08EFDCD0D5E22,5/11/2016 12:00:00 AM,19897.9466,40895.3637,3836.25422873,2017,BUKIT PANJANG,633A SENJA RD,1.385499,103.758362,5149.253731,4509.94385709917,4555.555556,624877.509905338,3836.25444415048
258,269,257,258,5,WATERWAY EAST,PGSZ05,N,PUNGGOL,PG,NORTH-EAST REGION,NER,A9E7E4A7DEE0B6F2,5/11/2016 12:00:00 AM,37063.2238,42568.2237,5391.06510657,2017,PUNGGOL,601D PUNGGOL CTRL,1.402984,103.907767,5560,4592.97475210409,4615.829787,1489246.88446689,5391.06509555647
259,0,258,259,3,GALI BATU,SKSZ03,N,SUNGEI KADUT,SK,NORTH REGION,NR,B462B6D7566CF5CD,5/11/2016 12:00:00 AM,20165.0687,42429.2408,9036.68277072,,,,,,,,,5186128.09217173,9036.6828365111
260,0,259,260,6,SPRINGLEAF,YSSZ06,N,YISHUN,YS,NORTH REGION,NR,5D0241839A91E181,5/11/2016 12:00:00 AM,26969.7232,42586.216,6912.80078042,,,,,,,,,2209210.72626793,6912.80077679044
261,57,260,261,2,PUNGGOL TOWN CENTRE,PGSZ02,N,PUNGGOL,PG,NORTH-EAST REGION,NER,625C5BEC57D068FE,5/11/2016 12:00:00 AM,35602.3777,43427.511,4896.76750758,2017,PUNGGOL,306D PUNGGOL DR,1.4059275,103.906483,5507.246377,5156.65100221052,5210.526316,1264384.80273402,4896.76764788675
262,0,261,262,7,NEE SOON,YSSZ07,N,YISHUN,YS,NORTH REGION,NR,4AAC92E24CAB13A5,5/11/2016 12:00:00 AM,25921.7245,43261.5225,7074.07077846,,,,,,,,,2206695.53769338,7074.07079074567
263,0,262,263,5,LOWER SELETAR,YSSZ05,N,YISHUN,YS,NORTH REGION,NR,CF8B2D55A2958851,5/11/2016 12:00:00 AM,29437.6195,43432.0454,15209.7627933,,,,,,,,,8453312.1928339,15209.7648992251
264,0,263,264,1,NORTHSHORE,PGSZ01,N,PUNGGOL,PG,NORTH-EAST REGION,NER,317584A40150FF3F,5/11/2016 12:00:00 AM,36169.5574,44222.7655,5355.63711782,,,,,,,,,1360000.63297582,5355.63672052738
265,0,264,265,3,MANDAI ESTATE,MDSZ03,N,MANDAI,MD,NORTH REGION,NR,F6266F7368DBB9AB,5/11/2016 12:00:00 AM,27082.698,45367.4603,1633.70841599,,,,,,,,,143137.94471252,1633.70860676056
266,7,265,266,1,YISHUN CENTRAL,YSSZ01,N,YISHUN,YS,NORTH REGION,NR,796B74418F857A6C,5/11/2016 12:00:00 AM,28483.0705,45383.3344,2549.64318227,2017,YISHUN,932 YISHUN CTRL 1,1.426375,103.836995,4326.923077,4103.30776128571,4098.360656,436368.546987772,2549.64317269077
267,0,266,267,3,PULAU PUNGGOL TIMOR,SLSZ03,N,SELETAR,SL,NORTH-EAST REGION,NER,DF9C2E922175C69D,5/11/2016 12:00:00 AM,34428.8491,44535.8977,4817.80370555,,,,,,,,,1259743.16296208,4817.80390689095
268,0,267,268,2,TURF CLUB,SKSZ02,N,SUNGEI KADUT,SK,NORTH REGION,NR,17459E60C3EEAF30,5/11/2016 12:00:00 AM,20234.6006,44507.1901,7665.67601943,,,,,,,,,3291405.50520724,7665.67617664528
269,179,268,269,4,WOODLANDS SOUTH,WDSZ04,N,WOODLANDS,WD,NORTH REGION,NR,8A4E14DAC4ACE11C,5/11/2016 12:00:00 AM,23609.573,45692.8785,5211.38443467,2017,WOODLANDS,511 WOODLANDS DR 14,1.4333604,103.788754,3744,3716.65429481006,3653.846154,1576001.45025122,5211.38449484147
270,110,269,270,5,WOODGROVE,WDSZ05,N,WOODLANDS,WD,NORTH REGION,NR,B1222FC839464134,5/11/2016 12:00:00 AM,21905.2849,45668.0411,6284.59972451,2017,WOODLANDS,322 WOODLANDS ST 32,1.4314774,103.7786586,3173.076923,3682.1196558,3691.0714285,1665469.24119717,6284.59968345563
271,293,270,271,3,YISHUN EAST,YSSZ03,N,YISHUN,YS,NORTH REGION,NR,7E20200E3D7B0C16,5/11/2016 12:00:00 AM,29476.5995,45515.7196,5945.70409919,2017,YISHUN,438 YISHUN AVE 11,1.4217455,103.8462175,5450,3913.96573519113,3858.695652,1767092.89458656,5945.70393708154
272,0,271,272,1,WESTERN WATER CATCHMENT,WCSZ01,N,WESTERN WATER CATCHMENT,WC,WEST REGION,WR,82062B23CEEE75F2,5/11/2016 12:00:00 AM,12020.342,40454.871,44305.6605681,,,,,,,,,69748298.8209974,44305.6607613662
273,0,272,273,2,PULAU PUNGGOL BARAT,SLSZ02,N,SELETAR,SL,NORTH-EAST REGION,NER,20F2831A2780CFEB,5/11/2016 12:00:00 AM,33050.0976,45213.5347,6251.20779583,,,,,,,,,2050051.22426069,6251.20786166589
274,293,273,274,9,YISHUN WEST,YSSZ09,N,YISHUN,YS,NORTH REGION,NR,95C11920195B86C7,5/11/2016 12:00:00 AM,27743.2668,45873.6006,5318.57926605,2017,YISHUN,774 YISHUN AVE 3,1.4235193,103.8319415,4375,3943.60404177815,3925.373134,1517767.35402906,5318.57903950232
275,0,274,275,1,WOODLANDS REGIONAL CENTRE,WDSZ01,N,WOODLANDS,WD,NORTH REGION,NR,8AEF535CD000EA39,5/11/2016 12:00:00 AM,22571.2094,46698.8735,3254.34327541,,,,,,,,,595652.116504431,3254.3432388136
276,0,275,276,1,NORTH-EASTERN ISLANDS,NESZ01,N,NORTH-EASTERN ISLANDS,NE,NORTH-EAST REGION,NER,92BC3E09C68F3B52,5/11/2016 12:00:00 AM,50424.7923,42612.8784,62436.23535,,,,,,,,,67250562.9129608,62436.2362569556
277,0,276,277,2,MANDAI EAST,MDSZ02,N,MANDAI,MD,NORTH REGION,NR,44831379A129F359,5/11/2016 12:00:00 AM,25739.2736,45391.7648,11572.5295407,,,,,,,,,7235809.50007999,11572.5294029961
278,0,277,278,3,SIMPANG SOUTH,SMSZ03,N,SIMPANG,SM,NORTH REGION,NR,86605C93A9575D00,5/11/2016 12:00:00 AM,30567.8998,46241.4969,7166.91366178,,,,,,,,,2147082.07982922,7166.91402118066
279,165,278,279,2,NORTHLAND,YSSZ02,N,YISHUN,YS,NORTH REGION,NR,A0E30DFB562910D3,5/11/2016 12:00:00 AM,28520.5814,46642.7243,5057.11992149,2017,YISHUN,282 YISHUN AVE 6,1.439527,103.838592,4218.75,3844.23726419394,3823.529412,1511000.34143138,5057.12018532866
280,141,279,280,2,MIDVIEW,WDSZ02,N,WOODLANDS,WD,NORTH REGION,NR,42D5F52D334C615F,5/11/2016 12:00:00 AM,23349.76,46841.1143,4159.20144038,2017,WOODLANDS,875 WOODLANDS ST 82,1.442493,103.7895141,3518.518519,3555.05543170922,3559.322034,936415.520357788,4159.20132498003
281,155,280,281,6,WOODLANDS WEST,WDSZ06,N,WOODLANDS,WD,NORTH REGION,NR,4215C006676A7D38,5/11/2016 12:00:00 AM,21582.5903,46573.0249,5929.64468681,2017,WOODLANDS,154 WOODLANDS ST 13,1.4347268,103.7753992,3387.096774,3765.76687197419,3800,1648629.93367416,5929.64472337055
282,0,281,282,2,SEMBAWANG SPRINGS,SBSZ02,N,SEMBAWANG,SB,NORTH REGION,NR,C739B507A1ACBDB3,5/11/2016 12:00:00 AM,27076.8118,46959.0886,4212.04224667,,,,,,,,,1099394.71550334,4212.04213065037
283,0,282,283,1,KRANJI,SKSZ01,N,SUNGEI KADUT,SK,NORTH REGION,NR,3487338E07E5DE5F,5/11/2016 12:00:00 AM,19766.8432,46226.3545,7899.95234274,,,,,,,,,3652031.0068301,7899.95226813817
284,0,283,284,5,RESERVOIR VIEW,SKSZ05,N,SUNGEI KADUT,SK,NORTH REGION,NR,40050ADDFBCC870F,5/11/2016 12:00:00 AM,18367.171,45940.4868,10399.4244848,,,,,,,,,3284130.44575763,10399.424752822
285,355,284,285,3,WOODLANDS EAST,WDSZ03,N,WOODLANDS,WD,NORTH REGION,NR,C90769E43EE6B0F2,5/11/2016 12:00:00 AM,24506.6375,46991.63,6603.60830097,2017,WOODLANDS,653 WOODLANDS RING RD,1.4379596,103.7987597,3500,3452.81097118028,3429.752066,2553463.72067308,6603.60813246405
286,120,285,286,3,SEMBAWANG CENTRAL,SBSZ03,N,SEMBAWANG,SB,NORTH REGION,NR,772A64AB9A93FC3A,5/11/2016 12:00:00 AM,26268.7326,47558.0804,3955.11763685,2017,SEMBAWANG,360A ADMIRALTY DR,1.449127,103.8157499,4095.744681,3785.94733299167,3742.95628,962437.369053721,3955.11764083985
287,0,286,287,7,GREENWOOD PARK,WDSZ07,N,WOODLANDS,WD,NORTH REGION,NR,A38714A4F4163DCE,5/11/2016 12:00:00 AM,22608.3894,47660.0645,4620.86556655,,,,,,,,,1281296.51165324,4620.86549426838
288,0,287,288,1,SEMBAWANG EAST,SBSZ01,N,SEMBAWANG,SB,NORTH REGION,NR,5C6A0B0C3E280F49,5/11/2016 12:00:00 AM,27788.9403,47682.832,3494.97341256,,,,,,,,,758123.495734096,3494.97345534159
289,0,288,289,8,SENOKO WEST,WDSZ08,N,WOODLANDS,WD,NORTH REGION,NR,ACD9BD92A81177CE,5/11/2016 12:00:00 AM,23921.5512,48088.741,3966.74096881,,,,,,,,,905921.139196396,3966.7409385174
290,0,289,290,4,PASIR RIS PARK,PRSZ04,N,PASIR RIS,PR,EAST REGION,ER,9856E3CDCF57AD96,5/11/2016 12:00:00 AM,41529.798,40218.9437,8533.96399773,,,,,,,,,1719704.59009206,8533.96398147072
291,81,290,291,5,CHOA CHU KANG NORTH,CKSZ05,N,CHOA CHU KANG,CK,WEST REGION,WR,1ED0377B40E71BDA,5/11/2016 12:00:00 AM,18347.5682,41593.7648,4552.31474589,2017,CHOA CHU KANG,790 CHOA CHU KANG NTH 6,1.3959955,103.7498703,3709.090909,3558.65471846913,3471.698113,1088638.03875512,4552.31478178146
292,180,291,292,2,RIVERVALE,SESZ02,N,SENGKANG,SE,NORTH-EAST REGION,NER,986666487FF7CF78,5/11/2016 12:00:00 AM,35977.6113,41060.8024,6315.95441659,2017,SENGKANG,185C RIVERVALE CRES,1.3931823,103.9063596,3954.545455,3760.26722852778,3739.957605,1569034.77117229,6315.95435022822
293,0,292,293,3,CHANGI AIRPORT,CHSZ03,N,CHANGI,CH,EAST REGION,ER,70B39BA5469B9018,5/11/2016 12:00:00 AM,46661.849,36599.8158,28163.2282682,,,,,,,,,35096028.6703531,28163.2280141219
294,0,293,294,11,YIO CHU KANG NORTH,AMSZ11,N,ANG MO KIO,AM,NORTH-EAST REGION,NER,CCAEEFD474A4B1A3,5/11/2016 12:00:00 AM,29505.9877,41733.4401,6445.24298189,,,,,,,,,1463278.16792142,6445.24294722788
295,0,294,295,6,PUNGGOL CANAL,PGSZ06,N,PUNGGOL,PG,NORTH-EAST REGION,NER,4577C2B37C75D519,5/11/2016 12:00:00 AM,37408.8422,43168.5702,6279.46484344,,,,,,,,,1265919.32335365,6279.46474943458
296,0,295,296,1,CENTRAL WATER CATCHMENT,CCSZ01,N,CENTRAL WATER CATCHMENT,CC,NORTH REGION,NR,52D00685FE621970,5/11/2016 12:00:00 AM,24424.4183,39849.0456,30538.2461768,,,,,,,,,37147854.4365592,30538.2457732602
297,0,296,297,4,SELETAR,SLSZ04,N,SELETAR,SL,NORTH-EAST REGION,NER,E63BBDBBA2B092AF,5/11/2016 12:00:00 AM,33371.5499,43425.0895,8487.27447616,,,,,,,,,3916069.24017775,8487.27446580867
298,0,297,298,4,PULAU SELETAR,SMSZ04,N,SIMPANG,SM,NORTH REGION,NR,66E54DD5CE0C71A2,5/11/2016 12:00:00 AM,31511.014,47245.3329,5466.04826913,,,,,,,,,1611278.65841496,5466.04812968433
299,34,298,299,5,ADMIRALTY,SBSZ05,N,SEMBAWANG,SB,NORTH REGION,NR,2E2DB30B78E2AC57,5/11/2016 12:00:00 AM,27091.2755,48333.8005,4534.25188836,2017,SEMBAWANG,507A WELLINGTON CIRCLE,1.453107,103.823654,3736.263736,3901.70829170588,3803.846154,1261648.71331251,4534.25185386946
300,0,299,300,1,LIM CHU KANG,LKSZ01,N,LIM CHU KANG,LK,NORTH REGION,NR,E4489A0861169020,5/11/2016 12:00:00 AM,15309.8168,45819.0414,18733.8362509,,,,,,,,,17494885.0344048,18733.8316202244
301,0,300,301,1,SIMPANG NORTH,SMSZ01,N,SIMPANG,SM,NORTH REGION,NR,19529EBD71A301DD,5/11/2016 12:00:00 AM,29388.7139,47645.2768,9071.75244948,,,,,,,,,3450455.39645934,9071.75261771611
302,0,301,302,9,SENOKO SOUTH,SBSZ09,N,SEMBAWANG,SB,NORTH REGION,NR,01A4287FB060A0A6,5/11/2016 12:00:00 AM,25130.655,48346.0326,5262.56276522,,,,,,,,,1741957.42125309,5262.56287482491
303,128,302,303,4,SEMBAWANG NORTH,SBSZ04,N,SEMBAWANG,SB,NORTH REGION,NR,F4016BB091C51693,5/11/2016 12:00:00 AM,26038.8084,48732.9057,5519.93484495,2017,SEMBAWANG,467 ADMIRALTY DR,1.452342,103.8144941,3235.294118,3561.85348950781,3590.909091,1394865.683339,5519.9347506933
304,0,303,304,2,TANJONG IRAU,SMSZ02,N,SIMPANG,SM,NORTH REGION,NR,74181C5882F588F0,5/11/2016 12:00:00 AM,29959.6312,48428.1734,4322.19523418,,,,,,,,,1074375.11424112,4322.19533597892
305,0,304,305,4,PANG SUA,SKSZ04,N,SUNGEI KADUT,SK,NORTH REGION,NR,310C8087D7221C08,5/11/2016 12:00:00 AM,18535.5677,43826.0836,7561.99010711,,,,,,,,,2175379.99995381,7561.99009915229
306,0,305,306,1,SELETAR AEROSPACE PARK,SLSZ01,N,SELETAR,SL,NORTH-EAST REGION,NER,0C69219764BD4C25,5/11/2016 12:00:00 AM,31690.73,43796.9117,8946.56046482,,,,,,,,,3621841.24799514,8946.56031133353
307,50,306,307,8,KHATIB,YSSZ08,N,YISHUN,YS,NORTH REGION,NR,DC75517DA31123DB,5/11/2016 12:00:00 AM,27480.6357,44420.6884,4956.14573523,2017,YISHUN,789 YISHUN AVE 2,1.4205835,103.8340674,4062.5,3986.75022872,4000,1432913.03515077,4956.14580069863
308,0,307,308,1,MANDAI WEST,MDSZ01,N,MANDAI,MD,NORTH REGION,NR,FFCCF172717C2EAF,5/11/2016 12:00:00 AM,22549.0736,44455.8474,9630.6271898,,,,,,,,,4387133.11865258,9630.62728662286
309,0,308,309,7,CONEY ISLAND,PGSZ07,N,PUNGGOL,PG,NORTH-EAST REGION,NER,8B13A48924BBE015,5/11/2016 12:00:00 AM,37928.4976,43351.3743,5670.13705749,,,,,,,,,1200804.56254911,5670.1370280761
310,184,309,310,4,YISHUN SOUTH,YSSZ04,N,YISHUN,YS,NORTH REGION,NR,42D160EC51F711D5,5/11/2016 12:00:00 AM,28500.5467,44471.6735,5781.58805086,2017,YISHUN,618 YISHUN RING RD,1.418761,103.835519,4388.875,3826.25204134239,3809.52381,1340167.99576533,5781.58814310807
311,0,310,311,7,THE WHARVES,SBSZ07,N,SEMBAWANG,SB,NORTH REGION,NR,6D89875A351CF51C,5/11/2016 12:00:00 AM,26945.068,49552.7904,11828.8777188,,,,,,,,,1635808.11200094,11828.8783241373
312,0,311,312,8,SENOKO NORTH,SBSZ08,N,SEMBAWANG,SB,NORTH REGION,NR,A800CBEE879C1BF9,5/11/2016 12:00:00 AM,24665.7878,49482.5953,7392.1288511,,,,,,,,,2241386.59790218,7392.12864398352
313,3,312,313,1,CHANGI POINT,CHSZ01,N,CHANGI,CH,EAST REGION,ER,0F530A1557E9AF1F,5/11/2016 12:00:00 AM,44603.6326,41360.4186,4897.48236282,2017,PASIR RIS,1 CHANGI VILLAGE RD,1.3884846,103.9878738,4155.844156,4415.58441566667,4469.69697,995944.785859942,4897.48206555252
314,256,313,314,3,SENGKANG TOWN CENTRE,SESZ03,N,SENGKANG,SE,NORTH-EAST REGION,NER,5A2D0E9E6B285069,5/11/2016 12:00:00 AM,35163.812,41501.1418,5216.40050197,2017,SENGKANG,211C COMPASSVALE LANE,1.385161,103.899315,5264.705882,4237.96097274219,4263.166144,1455507.83719528,5216.40052354085
315,166,314,315,4,ANCHORVALE,SESZ04,N,SENGKANG,SE,NORTH-EAST REGION,NER,F00F5344E293F642,5/11/2016 12:00:00 AM,34218.5354,41815.316,5112.46178675,2017,SENGKANG,302B ANCHORVALE LINK,1.38786,103.89069,6233.333333,4069.72036624097,3995.4545455,1499108.68899536,5112.46188678528
316,0,315,316,7,SENGKANG WEST,SESZ07,N,SENGKANG,SE,NORTH-EAST REGION,NER,53C82220D68B4128,5/11/2016 12:00:00 AM,31319.9431,41936.6786,5991.02000779,,,,,,,,,1670029.85557127,5991.01996077841
317,240,316,317,6,FERNVALE,SESZ06,N,SENGKANG,SE,NORTH-EAST REGION,NER,C2885440D673A7A2,5/11/2016 12:00:00 AM,32806.2915,41896.3685,6491.76794385,2017,SENGKANG,445A FERNVALE RD,1.392091,103.87442,5425.531915,4494.6215145625,4455.400387,2391082.75703526,6491.76813157945
318,260,317,318,4,PUNGGOL FIELD,PGSZ04,N,PUNGGOL,PG,NORTH-EAST REGION,NER,7462F6141FA74A37,5/11/2016 12:00:00 AM,36673.8994,41847.0902,5229.11611385,2017,PUNGGOL,138 EDGEDALE PLAINS,1.3933572,103.9097454,3810.989011,3966.23901683846,3946.7611335,1378710.5472765,5229.11604245583
319,168,318,319,6,YEW TEE,CKSZ06,N,CHOA CHU KANG,CK,WEST REGION,WR,D172AF50E2754CBF,5/11/2016 12:00:00 AM,18498.1139,42506.0743,3715.39422999,2017,CHOA CHU KANG,656 CHOA CHU KANG CRES,1.40032,103.7503229,3990.384615,3561.4806949881,3510.5782065,923214.72633636,3715.39402243616
320,0,319,320,1,PASIR RIS WAFER FAB PARK,PRSZ01,N,PASIR RIS,PR,EAST REGION,ER,9658EA18C574343B,5/11/2016 12:00:00 AM,38612.4965,41196.6819,10606.6469042,,,,,,,,,5325421.58203077,10606.6472174577
321,247,320,321,3,MATILDA,PGSZ03,N,PUNGGOL,PG,NORTH-EAST REGION,NER,14D0DB33976B7B81,5/11/2016 12:00:00 AM,35089.9853,42728.2745,5361.91596413,2017,PUNGGOL,289B PUNGGOL PL,1.401196,103.903236,5357.142857,5052.86909329555,5162.827586,1418284.24909174,5361.91588219429
322,63,321,322,9,NORTH COAST,WDSZ09,N,WOODLANDS,WD,NORTH REGION,NR,898B2436858382A1,5/11/2016 12:00:00 AM,22147.036,48031.5522,10847.8819812,2017,WOODLANDS,212 MARSILING CRES,1.446108,103.7728813,3486.486486,3326.04089815873,3310.810811,2450783.69978571,10847.8817004895
323,0,322,323,6,SEMBAWANG STRAITS,SBSZ06,N,SEMBAWANG,SB,NORTH REGION,NR,AA1A638CA2B0D5B7,5/11/2016 12:00:00 AM,28352.4774,48918.2749,7217.38837153,,,,,,,,,1540733.6951474,7217.38814059988
